s,s
Target,Expert
Fx,On
Pool,Cook
Map,Box
TargetFxPoolMap,ExpertOnCookBox
s_TargetFxPoolMap,s_ExpertOnCookBox
Return,Crouch
Tween,Least
TargetFxReturnTweenMap,ExpertOnCrouchLeastBox
s_TargetFxReturnTweenMap,s_ExpertOnCrouchLeastBox
Fish,Soon
Money,Exact
Burst,Brook
FishMoneyBurstX,SoonExactBrookX
Up,So
Min,Dog
FishMoneyBurstUpMin,SoonExactBrookSoDog
Max,The
FishMoneyBurstUpMax,SoonExactBrookSoThe
Scatter,Seafood
Duration,Cheerful
FishMoneyScatterDuration,SoonExactSeafoodCheerful
Fly,Pig
FishMoneyFlyDuration,SoonExactPigCheerful
Need,Woad
Delete,Teapot
NeedDelete,WoadTeapot
is,Be
Test,Fill
isTest,BeFill
Keys,Atom
dir,Mob
color,Moose
color1,Moose1
color2,Moose2
range,Nevus
Flip,Vice
boss,Jean
Prefab,Radial
bossPrefab,JeanRadial
used,Dram
Boss,Gaze
Path,Heed
usedBossPath,DramGazeHeed
spawn,Mayor
spawnY,MayorY
spawnX,MayorX
speed,Vague
scale,Spear
warn,Stun
Spine,Strip
warnSpineDuration,StunStripCheerful
Post,Baby
Delay,Track
warnPostDelay,StunBabyTrack
Config,Tedium
bossFishConfig,JeanSoonTedium
ready,Plank
On,Or
Lethal,Honest
Kill,Pond
World,Gourd
Position,Mystique
OnFishLethalKillWorldPosition,OrSoonHonestPondGourdMystique
Try,Kea
Death,Stint
For,Eye
Camera,Preach
Closeup,Terrain
TryDelayFishDeathForCameraCloseup,KeaTrackSoonStintEyePreachTerrain
Energy,Sailor
Changed,Another
OnEnergyChanged,OrSailorAnother
Ship,Utah
Exp,Lay
OnShipExpChanged,OrUtahLayAnother
Level,Magma
OnShipLevelChanged,OrUtahMagmaAnother
Upgrade,Deceive
State,Incur
OnShipUpgradeStateChanged,OrUtahDeceiveIncurAnother
Popup,Liter
Request,Cluster
OnShipUpgradePopupRequest,OrUtahDeceiveLiterCluster
Game,Rope
Type,Toll
OnGameTypeChanged,OrRopeTollAnother
Transition,Equatorial
OnGameTypeTransitionRequest,OrRopeTollEquatorialCluster
Manual,Sadden
Hook,Gray
Fire,Hump
Button,Course
Pressed,Tourism
OnManualHookFireButtonPressed,OrSaddenGrayHumpCourseTourism
Gameplay,Cylinder
Pause,Ensue
OnGameplayPauseStateChanged,OrCylinderEnsueIncurAnother
Ferver,Benign
Progress,Commerce
OnFerverProgressChanged,OrBenignCommerceAnother
Count,Relic
Down,Love
OnFerverCountDownChanged,OrBenignRelicLoveAnother
Enter,Prior
OnFerverEnterTransitionRequest,OrBenignPriorEquatorialCluster
Pre,Tow
Clear,Study
OnFerverPreClearRequest,OrBenignTowStudyCluster
Home,Tend
Rot,Get
Spin,Must
To,Ax
Index,Slope
OnHomeRotSpinToIndexRequest,OrTendGetMustAxSlopeCluster
Angle,Faint
OnHomeRotSpinToAngleRequest,OrTendGetMustAxFaintCluster
By,Be
Probability,Celebration
OnHomeRotSpinByProbabilityRequest,OrTendGetMustByCelebrationCluster
Finished,Luminous
OnHomeRotSpinFinished,OrTendGetMustLuminous
Reward,Temple
Resolved,Monoxide
OnHomeRotRewardResolved,OrTendGetTempleMonoxide
Spawn,Shear
OnSpawnBossFishRequest,OrShearGazeSoonCluster
Prepared,Bacteria
OnBossSpawnPrepared,OrGazeShearBacteria
Warn,Fear
OnBossWarnFinished,OrGazeFearLuminous
Final,Adult
Escape,Yellow
Warning,Clarify
OnBossFinalEscapeWarning,OrGazeAdultYellowClarify
Shot,Golf
Started,Replant
OnHookShotStarted,OrGrayGolfReplant
Normal,Mallet
Pierce,Debtor
Settlement,Demobilize
OnNormalPierceHookShotSettlement,OrMalletDebtorGrayGolfDemobilize
Allow,Unify
Low,Tan
Priority,Efficacy
Triggers,Location
OnNormalShotAllowLowPriorityTriggers,OrMalletGolfUnifyTanEfficacyLocation
OnNormalFishDeathForShotSettlement,OrMalletSoonStintEyeGolfDemobilize
Little,Slight
OnLittleGameFinished,OrSlightRopeLuminous
Trigger,Situate
OnBossCloseupTriggerRequest,OrGazeTerrainSituateCluster
Cross,Globe
Center,Eighty
Guide,Tight
OnBossFishCrossCenterGuideRequest,OrGazeSoonGlobeEightyTightCluster
Speed,Modal
Multiplier,Henceforth
OnCloseupHookSpeedMultiplier,OrTerrainGrayModalHenceforth
OnCloseupFishSpeedMultiplier,OrTerrainSoonModalHenceforth
Time,Line
Anim,Halt
Finish,Trader
OnFerverTimeAnimFinish,OrBenignLineHaltTrader
OnEnterGame,OrPriorRope
Update,Athens
Task,Late
OnUpdateTaskProgress,OrAthensLateCommerce
Get,Law
OnUpdateTaskGet,OrAthensLateLaw
money,Scout
from,Hump
fromBossFishDeath,fromGazeSoonStint
ad,If
Event,Latin
Id,We
adEventId,IfLatinWe
m,m
Close,Drift
Btn,Tin
CloseBtn,DriftTin
m_CloseBtn,m_DriftTin
Cleam,Gripe
CleamBtn,GripeTin
m_CleamBtn,m_GripeTin
ADCleamBtn,ADGripeTin
m_ADCleamBtn,m_ADGripeTin
Slot,Wary
Group,Kenya
SlotGroup,WaryKenya
m_SlotGroup,m_WaryKenya
Text,Bode
RewardText,TempleBode
m_RewardText,m_TempleBode
Ad,So
AdEventId,AdLatinWe
m_AdEventId,m_AdLatinWe
Base,Seed
BaseReward,SeedTemple
m_BaseReward,m_SeedTemple
Current,Balance
CurrentReward,BalanceTemple
m_CurrentReward,m_BalanceTemple
From,Call
FromBossFishDeath,CallGazeSoonStint
m_FromBossFishDeath,m_CallGazeSoonStint
Signal,Luxury
Sent,Spot
FinishSignalSent,TraderLuxurySpot
m_FinishSignalSent,m_TraderLuxurySpot
Default,Peddler
DefaultAdEventId,PeddlerSoLatinWe
m_DefaultAdEventId,m_PeddlerSoLatinWe
Skeleton,Possible
ShipSkeleton,UtahPossible
m_ShipSkeleton,m_UtahPossible
Light,Party
m_Light,m_Party
m_money,m_Scout
slot,Beau
m_slot,m_Beau
adbtn,Canal
m_adbtn,m_Canal
getbtn,Cheese
m_getbtn,m_Cheese
k,k
Frames,Shield
Before,Bridge
ShipFramesBeforeLight,UtahShieldBridgeParty
k_ShipFramesBeforeLight,k_UtahShieldBridgeParty
Stagger,Bravely
StaggerFrames,BravelyShield
k_StaggerFrames,k_BravelyShield
Assumed,Impress
Fps,You
AssumedFps,ImpressYou
k_AssumedFps,k_ImpressYou
Staging,Variety
Anchored,Wildlife
Offset,Voyage
StagingAnchoredYOffset,VarietyWildlifeYVoyage
k_StagingAnchoredYOffset,k_VarietyWildlifeYVoyage
And,Sow
First,Inner
LightAndFirstEnterDelay,PartySowInnerPriorTrack
k_LightAndFirstEnterDelay,k_PartySowInnerPriorTrack
Move,Peat
MoveDuration,PeatCheerful
k_MoveDuration,k_PeatCheerful
Scale,Trunk
ScaleUpDuration,TrunkSoCheerful
k_ScaleUpDuration,k_TrunkSoCheerful
ScaleDownDuration,TrunkLoveCheerful
k_ScaleDownDuration,k_TrunkLoveCheerful
Zero,Veil
ZeroScale,VeilTrunk
k_ZeroScale,k_VeilTrunk
MoneyAnchored,ExactWildlife
m_MoneyAnchored,m_ExactWildlife
SlotAnchored,WaryWildlife
m_SlotAnchored,m_WaryWildlife
AdBtnAnchored,SoTinWildlife
m_AdBtnAnchored,m_SoTinWildlife
GetBtnAnchored,LawTinWildlife
m_GetBtnAnchored,m_LawTinWildlife
MoneyScale,ExactTrunk
m_MoneyScale,m_ExactTrunk
SlotScale,WaryTrunk
m_SlotScale,m_WaryTrunk
AdBtnScale,SoTinTrunk
m_AdBtnScale,m_SoTinTrunk
GetBtnScale,LawTinTrunk
m_GetBtnScale,m_LawTinTrunk
Rect,Fear
Targets,Cleanly
Cached,Exempt
RectTargetsCached,RectCleanlyExempt
m_RectTargetsCached,m_RectCleanlyExempt
Intro,Brief
Coroutine,Physician
IntroCoroutine,BriefPhysician
m_IntroCoroutine,m_BriefPhysician
Watch,Solid
WatchAD,SolidAD
m_WatchAD,m_SolidAD
Open,Term
OpenEventId,TermLatinWe
m_OpenEventId,m_TermLatinWe
Info,Cole
InfoText,ColeBode
Quit,Late
QuitBtn,QuitTin
NormalCamera,MalletPreach
m_NormalCamera,m_MalletPreach
CloseupCamera,TerrainPreach
m_CloseupCamera,m_TerrainPreach
Zoom,Last
ZoomTarget,LastExpert
m_ZoomTarget,m_LastExpert
Enable,Scenic
EnableBossTriggerCloseup,ScenicGazeSituateTerrain
m_EnableBossTriggerCloseup,m_ScenicGazeSituateTerrain
Main,Hang
MainDuration,HangCheerful
m_MainDuration,m_HangCheerful
In,An
Ease,Shut
ZoomInEase,LastAnShut
m_ZoomInEase,m_LastAnShut
Fov,Cow
ZoomInFovMultiplier,LastAnCowHenceforth
m_ZoomInFovMultiplier,m_LastAnCowHenceforth
Force,Sepal
Perspective,Impartially
ForcePerspectiveOnCloseup,SepalImpartiallyOrTerrain
m_ForcePerspectiveOnCloseup,m_SepalImpartiallyOrTerrain
Ortho,Elite
Size,Slit
CloseupOrthoSize,TerrainEliteSlit
m_CloseupOrthoSize,m_TerrainEliteSlit
Phase,Stain
Ratio,Grant
ZoomPhaseRatio,LastStainGrant
m_ZoomPhaseRatio,m_LastStainGrant
Follow,Canopy
Half,Toss
Range,Degas
FollowMoveHalfRange,CanopyPeatTossDegas
m_FollowMoveHalfRange,m_CanopyPeatTossDegas
Clamp,Caste
View,Luck
Inside,Detect
Canvas,Shroud
ClampViewInsideCanvas,CasteLuckDetectShroud
m_ClampViewInsideCanvas,m_CasteLuckDetectShroud
Padding,Include
CanvasClampPadding,ShroudCasteInclude
m_CanvasClampPadding,m_ShroudCasteInclude
Out,Too
ZoomOutDuration,LastTooCheerful
m_ZoomOutDuration,m_LastTooCheerful
ZoomOutEase,LastTooShut
m_ZoomOutEase,m_LastTooShut
m_Canvas,m_Shroud
Sequence,Electric
m_Sequence,m_Electric
Is,He
IsCloseup,HeTerrain
m_IsCloseup,m_HeTerrain
Engaged,Already
CloseupEngaged,TerrainAlready
m_CloseupEngaged,m_TerrainAlready
Auto,Aero
Restore,Unaided
At,Up
AutoRestoreAtTime,AeroUnaidedUpLine
m_AutoRestoreAtTime,m_AeroUnaidedUpLine
Begin,Stump
CloseupBeginTime,TerrainStumpLine
m_CloseupBeginTime,m_TerrainStumpLine
This,Mild
FollowStartedThisCloseup,CanopyReplantMildTerrain
m_FollowStartedThisCloseup,m_CanopyReplantMildTerrain
Start,Horde
FollowStartTime,CanopyHordeLine
m_FollowStartTime,m_CanopyHordeLine
Session,Reverse
RestoreOrthoSizeForSession,UnaidedEliteSlitEyeReverse
m_RestoreOrthoSizeForSession,m_UnaidedEliteSlitEyeReverse
Field,Screw
Of,An
RestoreFieldOfViewForSession,UnaidedScrewOfLuckEyeReverse
m_RestoreFieldOfViewForSession,m_UnaidedScrewOfLuckEyeReverse
Saved,Shirt
Cam,Bur
Pos,Van
SavedCamWorldPos,ShirtBurGourdVan
m_SavedCamWorldPos,m_ShirtBurGourdVan
SavedCamWorldRot,ShirtBurGourdGet
m_SavedCamWorldRot,m_ShirtBurGourdGet
Orthographic,Craftspeople
PrefabCloseupOrthographic,RadialTerrainCraftspeople
m_PrefabCloseupOrthographic,m_RadialTerrainCraftspeople
PrefabCloseupOrthoSize,RadialTerrainEliteSlit
m_PrefabCloseupOrthoSize,m_RadialTerrainEliteSlit
PrefabCloseupFov,RadialTerrainCow
m_PrefabCloseupFov,m_RadialTerrainCow
TweenStartFov,LeastHordeCow
m_TweenStartFov,m_LeastHordeCow
End,Bid
TweenEndFov,LeastBidCow
m_TweenEndFov,m_LeastBidCow
FollowTarget,CanopyExpert
m_FollowTarget,m_CanopyExpert
Pending,Factory
PendingFish,FactorySoon
m_PendingFish,m_FactorySoon
Focus,Panic
CurrentFocusWorld,BalancePanicGourd
m_CurrentFocusWorld,m_BalancePanicGourd
StartCamPosForFollow,HordeBurVanEyeCanopy
m_StartCamPosForFollow,m_HordeBurVanEyeCanopy
Depth,Carol
Plane,Italy
FollowDepthToCanvasPlane,CanopyCarolAxShroudItaly
m_FollowDepthToCanvasPlane,m_CanopyCarolAxShroudItaly
Smooth,Wicker
FollowSmooth,CanopyWicker
k_FollowSmooth,k_CanopyWicker
During,Wisdom
FollowSmoothDuringTween,CanopyWickerWisdomLeast
k_FollowSmoothDuringTween,k_CanopyWickerWisdomLeast
Ramp,Gill
Seconds,Confine
FollowStartRampSeconds,CanopyHordeGillConfine
k_FollowStartRampSeconds,k_CanopyHordeGillConfine
Hold,Cope
FollowStartHoldSeconds,CanopyHordeCopeConfine
k_FollowStartHoldSeconds,k_CanopyHordeCopeConfine
MaxCameraOffset,ThePreachVoyage
k_MaxCameraOffset,k_ThePreachVoyage
Keep,Lion
Same,Gibe
As,We
KeepCloseupZSameAsUICamera,LionTerrainZGibeAsUIPreach
k_KeepCloseupZSameAsUICamera,k_LionTerrainZGibeAsUIPreach
Global,Carver
CloseupGlobalSpeedMultiplier,TerrainCarverModalHenceforth
k_CloseupGlobalSpeedMultiplier,k_TerrainCarverModalHenceforth
old,Bag
oldLevel,BagMagma
new,Cod
newLevel,CodMagma
oldExp,BagLay
newExp,CodLay
level,Spiky
levelUpCount,SpikySoRelic
need,Nile
needExp,NileLay
pending,Foghorn
pendingLevelUpCount,FoghornMagmaSoRelic
HPConfig,HPTedium
m_HPConfig,m_HPTedium
FerverTimeConfig,BenignLineTedium
m_FerverTimeConfig,m_BenignLineTedium
LittleGameConfig,SlightRopeTedium
m_LittleGameConfig,m_SlightRopeTedium
Inching,Pronoun
KillInchingConfig,PondPronounTedium
m_KillInchingConfig,m_PondPronounTedium
Combo,Swarm
Show,Beat
ComboShow,SwarmBeat
m_ComboShow,m_SwarmBeat
ComboRot,SwarmGet
m_ComboRot,m_SwarmGet
Reload,Poster
HookReloadSeconds,GrayPosterConfine
m_HookReloadSeconds,m_GrayPosterConfine
Surprise,Regional
Diamond,Fallacy
Bps,You
NormalFishSurpriseDiamondProbabilityBps,MalletSoonRegionalFallacyCelebrationBps
m_NormalFishSurpriseDiamondProbabilityBps,m_MalletSoonRegionalFallacyCelebrationBps
NormalFishSurpriseDiamondCount,MalletSoonRegionalFallacyRelic
m_NormalFishSurpriseDiamondCount,m_MalletSoonRegionalFallacyRelic
Shoal,Never
Cd,It
FishShoalCd,SoonNeverIt
m_FishShoalCd,m_SoonNeverIt
Small,Forte
Types,Rayon
SmallFishTypes,ForteSoonRayon
m_SmallFishTypes,m_ForteSoonRayon
Medium,Abrupt
MediumFishTypes,AbruptSoonRayon
m_MediumFishTypes,m_AbruptSoonRayon
Large,Relay
LargeFishTypes,RelaySoonRayon
m_LargeFishTypes,m_RelaySoonRayon
LevelUpShip,MagmaSoUtah
m_LevelUpShip,m_MagmaSoUtah
Configs,Gallium
FishConfigs,SoonGallium
m_FishConfigs,m_SoonGallium
Wheel,Giant
Rewards,Dweller
HomeWheelRewards,TendGiantDweller
m_HomeWheelRewards,m_TendGiantDweller
ShipLevel,UtahMagma
m_ShipLevel,m_UtahMagma
ShipExp,UtahLay
m_ShipExp,m_UtahLay
cash,Ling
cashPoolPrefab,LingCookRadial
diamond,Outdoor
diamondPoolPrefab,OutdoorCookRadial
cashPool,LingCook
_cashPool,_LingCook
diamondPool,OutdoorCook
_diamondPool,_OutdoorCook
mini,Chop
miniGameIntroFlyPrefabSlot,ChopRopeBriefPigRadialWary
Lucky,Could
Card,Zero
miniGameIntroFlyPrefabLuckyCard,ChopRopeBriefPigRadialCouldZero
fly,Egg
Item,Keep
flyDiamondItemPoolPrefab,EggFallacyKeepCookRadial
flyDiamondItemPool,EggFallacyKeepCook
_flyDiamondItemPool,_EggFallacyKeepCook
GameType,RopeToll
Hooh,Must
ConfigHoohHP,TediumHoohHP
Curhooh,Hexagon
CurhoohHP,HexagonHP
Cur,Her
CurFireHP,HerHumpHP
Fired,Wheel
isHookFired,BeGrayWheel
max,Via
maxEnergy,ViaSailor
recover,Longing
Threshold,Consensus
recoverThreshold,LongingConsensus
Interval,Upcoming
recoverInterval,LongingUpcoming
Amount,Differ
recoverAmount,LongingDiffer
enable,Bovine
System,Solder
enableEnergySystem,BovineSailorSolder
current,Notable
currentEnergy,NotableSailor
recoverCoroutine,LongingPhysician
last,Solo
Save,Airy
Timestamp,Boulevard
lastSaveTimestamp,SoloAiryBoulevard
remaining,Obsession
Recover,Citadel
remainingRecoverTime,ObsessionCitadelLine
Countdown,Rejection
Publish,Proudly
Step,Tone
CountdownPublishStep,RejectionProudlyTone
ferver,Spinal
ferverKillProgress,SpinalPondCommerce
Remaining,Sixteenth
ferverRemainingSeconds,SpinalSixteenthConfine
Total,Pulse
ferverTotalSeconds,SpinalPulseConfine
isFerverEnterTransitionPending,BeBenignPriorEquatorialFactory
ferverCountDownCoroutine,SpinalRelicLovePhysician
Proximity,Unnatural
Block,Erupt
Kills,Hardy
ferverProximityBlockRemainingKills,SpinalUnnaturalEruptSixteenthHardy
ferverCountdownPauseDepth,SpinalRejectionEnsueCarol
gameplay,Commuter
gameplayPauseDepth,CommuterEnsueCarol
show,Toss
Debug,Flesh
showFishDebugInfoText,showSoonFleshColeBode
Last,Sink
Published,Imbalance
LastPublishedShipPendingLevelUpCount,SinkImbalanceUtahFactoryMagmaSoRelic
m_LastPublishedShipPendingLevelUpCount,m_SinkImbalanceUtahFactoryMagmaSoRelic
Mask,Stud
Images,Tomato
MaskImages,StudTomato
Alpha,Spend
DefaultMaskAlpha,PeddlerStudSpend
Hand,Root
Bg,On
InfoBg,ColeBg
GuideIndex,TightSlope
Next,Spin
NextBtn,SpinTin
InfoMoveIE,ColePeatIE
Panel,Stand
GuidePanel,TightStand
_GuidePanel,_TightStand
Cash,Coma
CashOutBtn,ComaTooTin
Click,Leaky
ClickBtn,LeakyTin
ferverslider,Speechwriter
AutoBtn,AeroTin
Setting,Printer
SettingBtn,PrinterTin
m_SettingBtn,m_PrinterTin
Daily,Unity
DailyBtn,UnityTin
m_DailyBtn,m_UnityTin
TaskBtn,LateTin
m_TaskBtn,m_LateTin
Trans,Crane
CashTrans,ComaCrane
m_CashTrans,m_ComaCrane
New,Bed
Swing,North
Root,Read
NewSwingRoot,BedNorthRead
m_NewSwingRoot,m_BedNorthRead
Image,Twain
UIImageSwingNew,UITwainNorthBed
m_UIImageSwingNew,m_UITwainNorthBed
DiamondImage,FallacyTwain
m_DiamondImage,m_FallacyTwain
Gold,Seat
GoldImage,SeatTwain
m_GoldImage,m_SeatTwain
FishGoldImage,SoonSeatTwain
m_FishGoldImage,m_SoonSeatTwain
Coin,Sate
Sprite,Behind
FishGoldCoinSprite,SoonSeatSateBehind
m_FishGoldCoinSprite,m_SoonSeatSateBehind
FishDiamondImage,SoonFallacyTwain
m_FishDiamondImage,m_SoonFallacyTwain
GoldText,SeatBode
m_GoldText,m_SeatBode
HPImage,HPTwain
m_HPImage,m_HPTwain
HPText,HPBode
m_HPText,m_HPBode
energy,Purely
energyTextTMP,PurelyBodeTMP
countdown,Sequester
countdownTextTMP,SequesterBodeTMP
ship,Tool
shipLevelView,ToolMagmaLuck
ferverTimeView,SpinalLineLuck
fish,Sort
fishDeathMoneyBurstFxView,SortStintExactBrookOnLuck
home,Oval
homeRotWheel,OvalGetGiant
Swim,Rope
FishSwimSystem,SoonSwimSolder
m_FishSwimSystem,m_SoonSwimSolder
Reset,Prime
Display,Harness
ResetFishOnHomeDisplay,PrimeSoonOrTendHarness
m_ResetFishOnHomeDisplay,m_PrimeSoonOrTendHarness
Scheduler,Colorless
LittleGameScheduler,SlightRopeColorless
m_LittleGameScheduler,m_SlightRopeColorless
Fever,Other
Mode,Obey
FeverMode,OtherObey
Ground,Impose
GroundMoney,ImposeExact
FeverMode_GroundMoney,OtherObey_ImposeExact
List,Tall
GroundMoneyList,ImposeExactTall
FeverMode_GroundMoneyList,OtherObey_ImposeExactTall
FX,FX
FX_Cash,FX_Coma
Collect,Crustal
FX_Collect,FX_Crustal
DiamondCollect,FallacyCrustal
FX_DiamondCollect,FX_FallacyCrustal
on,It
Ui,It
Surface,Stinger
Add,Tie
Handler,Mixture
onUiSurfaceAddMoneyHandler,onUiStingerTieExactMixture
onFishKillCashRewardHandler,ItSoonPondComaTempleMixture
onFishKillDiamondRewardHandler,ItSoonPondFallacyTempleMixture
onBossFishCrossCenterGuideHandler,ItGazeSoonGlobeEightyTightMixture
onFerverTimeAnimFinishHandler,ItBenignLineHaltTraderMixture
onShipUpgradePopupRequestHandler,ItUtahDeceiveLiterClusterMixture
FerverPendingMoney,BenignFactoryExact
m_FerverPendingMoney,m_BenignFactoryExact
IsFerverMode,HeBenignObey
m_IsFerverMode,m_HeBenignObey
FerverGroundMoneyAnimDuration,BenignImposeExactHaltCheerful
m_FerverGroundMoneyAnimDuration,m_BenignImposeExactHaltCheerful
Shake,Aural
UIShake,UIAural
m_UIShake,m_UIAural
Inited,Accept
FishDeathFxInited,SoonStintOnAccept
m_FishDeathFxInited,m_SoonStintOnAccept
Delayed,Helpful
Refresh,Flipper
Routine,Fragile
DelayedRotWheelRefreshRoutine,HelpfulGetGiantFlipperFragile
m_DelayedRotWheelRefreshRoutine,m_HelpfulGetGiantFlipperFragile
balance,Vehicle
balanceBefore,VehicleBridge
balanceBeforeInited,VehicleBridgeAccept
normal,Census
normalFishKillCount,CensusSoonPondRelic
Killed,Stride
bossKilled,JeanStride
NormalShotPending,MalletGolfFactory
m_NormalShotPending,m_MalletGolfFactory
onNormalPierceHookShotSettlementHandler,ItMalletDebtorGrayGolfDemobilizeMixture
onNormalFishDeathForShotSettlementHandler,ItMalletSoonStintEyeGolfDemobilizeMixture
Lv,Of
ShipLvText,UtahOfBode
ShipLvProgressImage,UtahOfCommerceTwain
Percent,Showman
ProgressPercentText,CommerceShowmanBode
UpgradeButton,DeceiveCourse
ProgressAnimDuration,CommerceHaltCheerful
m_Inited,m_Accept
Upgradeable,Proficiency
IsUpgradeable,HeProficiency
m_IsUpgradeable,m_HeProficiency
Fill,Damp
FillAnimCoroutine,DampHaltPhysician
m_FillAnimCoroutine,m_DampHaltPhysician
Displayed,Devastate
DisplayedFill,DevastateDamp
m_DisplayedFill,m_DevastateDamp
clickhand,Incapable
Cahnobj,Acetate
Obj,Tin
DiamondObj,FallacyObj
Num,Wad
NumText,WadBode
Data,Mint
slider,Assign
sliderImage,AssignTwain
progress,Birdlike
progressText,BirdlikeBode
isEnterGame,BePriorRope
Animation,Predatory
Callback,Discrete
AnimationCallback,PredatoryDiscrete
m_AnimationCallback,m_PredatoryDiscrete
lucky,Pinch
luckyCardList,PinchZeroTall
select,Logger
selectObjList,LoggerTinTall
reward,Remain
rewardMap,RemainBox
luckyObjDataList,PinchTinMintTall
Lock,Rule
isLock,BeRule
Over,Gaze
isOver,BeOver
Thanks,Propel
Weight,Geyser
onThanksWeight,ItPropelGeyser
this,Draw
thisCount,DrawRelic
win,Sew
winMaxCount,SewTheRelic
Stars,Onion
star,Cart
star1Sprite,Cart1Behind
star2Sprite,Cart2Behind
GoldReward,SeatTemple
CashText,ComaBode
CashReward,ComaTemple
AdGetBtn,SoLawTin
GetBtn,LawTin
FinishEvent,TraderLatin
RewardShowList,TempleBeatTall
DelayShowGetBtn,TrackBeatLawTin
rewaobj,Secrecy
Watched,Whoever
IsWatchedAD,HeWhoeverAD
EventID,LatinID
Sound,Grass
Sound_Button,Grass_Course
Music,Stain
Music_Button,Music_Course
Vibrate,Kingdom
Vibrate_Button,Kingdom_Course
How,Hay
Play,Food
HowToPlayBtn,HayAxFoodTin
Template,Devotion
FishPrefabPathTemplate,SoonRadialHeedDevotion
FishTypeFerver,SoonTollBenign
FishTypeBoss,SoonTollGaze
page,Same
One,Buy
pageOneButton,SameBuyCourse
grt,Ant
More,Trim
grtMoreRect,AntTrimFear
ADText,ADBode
fishRoot,SortRead
pageOne,SameBuy
Two,Ray
pageTwo,SameRay
Preview,Dictate
maxPreviewFishCount,ViaDictateSoonRelic
Instances,Predation
PreviewFishInstances,DictateSoonPredation
m_PreviewFishInstances,m_DictateSoonPredation
Events,Bitter
Registered,Methodical
EventsRegistered,BitterMethodical
m_EventsRegistered,m_BitterMethodical
Page,Worm
PageOneScaleTween,WormBuyTrunkLeast
m_PageOneScaleTween,m_WormBuyTrunkLeast
cashImage,LingTwain
MAX,MAX
SIGN,SIGN
DAYS,DAYS
MAX_SIGN_DAYS,MAX_SIGN_DAYS
REWARD,REWARD
DELAY,DELAY
REWARD_DELAY,REWARD_DELAY
list,Loam
list_Reward,Loam_Temple
claim,Relax
claimButton,RelaxCourse
check,Oasis
Nums,Tray
checkNums,OasisTray
cur,Bet
Check,Fence
curCheckIndex,BetFenceSlope
isCheck,BeFence
hide,Wood
Unlocked,Enormous
hideUnlockedRewards,WoodEnormousDweller
closebtn,Vertical
tween,Maser
Init,Rail
InitGroup,RailKenya
template,Cohesion
Multi,Radio
Object,Ration
templateMultiObject,CohesionRadioRation
item,Moon
Width,Metal
itemWidth,MoonMetal
Machine,Plummet
SlotMachine,WaryPlummet
winparticle,Corporation
winparticle1,Corporation1
winparticle2,Corporation2
Sprites,Caribou
SlotSprites,WaryCaribou
Real,Late
Parent,Solely
RealItemParent,RealKeepSolely
Items,Agent
RealItems,LateAgent
Loop,Line
RealLoopCount,LateLoopRelic
Fake,Gush
FakeItemsParent,GushAgentSolely
FakeItems,GushAgent
FakeLoopCount,GushLineRelic
FakeLoopMax,GushLineThe
Gap,Ice
GapY,IceY
Top,Ant
Bottom,Hunter
Sloting,Imitate
IsSloting,HeImitate
Win,Row
IsSlotWin,HeWaryRow
WinIndex,RowSlope
skeleton,Holocene
Graphic,Diamond
skeletonGraphic,HoloceneDiamond
bone,Mind
Name,Coin
boneName,MindCoin
boneWorldXYScale,MindGourdXYTrunk
rect,Duct
_rect,_Duct
_bone,_Mind
canvas,Ballad
_canvas,_Ballad
ui,Up
uiCam,uiBur
_uiCam,_uiBur
TaskId,LateWe
TaskId_1,LateWe_1
TaskId_2,LateWe_2
TaskId_3,LateWe_3
TaskId_4,LateWe_4
BtnClose,TinDrift
TaskItemParent,LateKeepSolely
task,Neon
taskItems,NeonAgent
mGoldTrans,mSeatCrane
Audio,Aphid
Mgr,Jar
AudioMgr,AphidJar
Component,Important
Queue,Steam
AudioComponentQueue,AphidImportantSteam
MaxCount,TheRelic
AudioQueue,AphidSteam
bg,We
bgMusic,bgStain
m_bgMusic,m_bgStain
Source,Canvas
PlayAudioSourceList,FoodAphidCanvasTall
CheckInterval,FenceUpcoming
Switch,Guinea
BgMusicSwitch,OnStainGuinea
_BgMusicSwitch,_OnStainGuinea
Effect,Attain
EffectMusicSwitch,AttainStainGuinea
_EffectMusicSwitch,_AttainStainGuinea
Volume,Market
BgVolume,OnMarket
_BgVolume,_OnMarket
EffectVolume,AttainMarket
_EffectVolume,_AttainMarket
BGM,BGM
BGM_Name,BGM_Coin
VibrateSwitch,KingdomGuinea
_VibrateSwitch,_KingdomGuinea
Dict,Near
AudioSettingDict,AphidPrinterNear
clip,Tell
Cache,Ranch
clipCache,TellRanch
_clipCache,_TellRanch
effect,Candid
effectLastPlayTime,CandidSinkFoodLine
_effectLastPlayTime,_CandidSinkFoodLine
Cooldown,Instance
EffectTriggerCooldown,AttainSituateInstance
Round,Juicy
Digits,Nearby
RoundDigits,JuicyNearby
frames,Series
framerate,Cuneiform
ignore,Pawnee
ignoreTimeScale,PawneeLineTrunk
loop,Page
curve,Usual
image,Shale
sprite,Spread
Renderer,Republic
spriteRenderer,SpreadRepublic
Frame,Krill
currentFrameIndex,NotableKrillSlope
timer,Krill
Framerate,Basically
currentFramerate,NotableBasically
Target_Type,Expert_Toll
Layout,Mobile
Layout_Type,Mobile_Toll
Run,Ski
Run_Time,Ski_Line
Number,Serene
Layout_Number,Mobile_Serene
adjust,Intent
adjustID,IntentID
sv,Dy
Just,Moss
ADJustInitType,ADMossRailToll
sv_ADJustInitType,Dy_ADMossRailToll
ADJustTime,ADMossLine
sv_ADJustTime,Dy_ADMossLine
Revenue,Shorten
adjustInitAdRevenue,IntentRailSoShorten
SDK,SDK
KEY,KEY
MAX_SDK_KEY,MAX_SDK_KEY
ID,ID
MAX_REWARD_ID,MAX_REWARD_ID
INTER,INTER
MAX_INTER_ID,MAX_INTER_ID
retry,Human
Attempt,Burgeon
retryAttempt,HumanBurgeon
Showing,Playful
isShowingAd,BePlayfulSo
Network,Anemone
rewardNetworkName,RemainAnemoneCoin
Call,Hide
Back,Vent
Action,Empire
rewardCallBackAction,RemainHideVentEmpire
Success,Presage
rewardSuccess,RemainPresage
rewardIndex,RemainSlope
interstitial,Prerequisite
interstitialNetworkName,PrerequisiteAnemoneCoin
interstitialType,PrerequisiteToll
interstitialIndex,PrerequisiteSlope
Playing,Develop
Callbacks,Performer
adPlayingCallbacks,IfDevelopPerformer
application,Penetration
applicationPauseTimestamp,PenetrationEnsueBoulevard
Custom,Modern
RewardAdCustomData,TempleSoModernMint
Interstitial,Occupational
InterstitialAdCustomData,OccupationalSoModernMint
dictionary,Engagement
Message,Burgeon
dictionaryMessage,EngagementMessage
value,Sheet
Bool,Slip
valueBool,SheetSlip
valueBool2,SheetSlip2
Int,Spy
valueInt,SheetSpy
valueInt2,SheetSpy2
valueInt3,SheetSpy3
Float,Chain
valueFloat,SheetChain
valueFloat2,SheetChain2
Double,Belter
valueDouble,SheetBelter
valueDouble2,SheetBelter2
String,Babble
valueString,SheetBabble
valueString2,SheetBabble2
valueGameObject,SheetRopeRation
valueGameObject2,SheetRopeRation2
valueGameObject3,SheetRopeRation3
valueGameObject4,SheetRopeRation4
Transform,Procedure
valueTransform,SheetProcedure
valueStringList,SheetBabbleTall
Vec,Eye
valueVec,SheetVec
valueVec2List,SheetVec2Tall
valueIntList,SheetSpyTall
message,Reelect
messageCallBack,ReelectHideVent
vec,Age
vec2_1,Age2_1
vec2_2,Age2_2
Login,Reuse
Url,Maw
LoginUrl,ReuseMaw
ConfigUrl,TediumMaw
TimeUrl,LineMaw
Adjust,Squeak
AdjustUrl,SqueakMaw
Local,Utter
User,Save
LocalUserId,UtterSaveWe
sv_LocalUserId,Dy_UtterSaveWe
Server,Hamper
LocalServerId,UtterHamperWe
sv_LocalServerId,Dy_UtterHamperWe
Player,Window
IsNewPlayer,HeBedWindow
sv_IsNewPlayer,Dy_HeBedWindow
Bouns,Slope
DailyBounsGetCount,UnityBounsLawRelic
sv_DailyBounsGetCount,Dy_UnityBounsLawRelic
Date,Mood
DailyBounsDate,UnitySlopeMood
sv_DailyBounsDate,Dy_UnitySlopeMood
NewUserStep,BedSaveTone
sv_NewUserStep,Dy_BedSaveTone
CashCoin,ComaSate
sv_CashCoin,Dy_ComaSate
Cumulative,Innovative
CumulativeGoldCoin,InnovativeSeatSate
sv_CumulativeGoldCoin,Dy_InnovativeSeatSate
Token,Party
sv_Token,Dy_Token
CumulativeToken,InnovativeParty
sv_CumulativeToken,Dy_InnovativeParty
Amazon,Defend
sv_Amazon,Dy_Defend
CumulativeAmazon,InnovativeDefend
sv_CumulativeAmazon,Dy_InnovativeDefend
TotalGameTime,PulseRopeLine
sv_TotalGameTime,Dy_PulseRopeLine
FirstGetToken,InnerLawParty
sv_FirstGetToken,Dy_InnerLawParty
Has,Lay
Rate,Dune
HasShowRatePanel,HasBeatDuneStand
sv_HasShowRatePanel,Dy_HasBeatDuneStand
Lottery,Subsidy
CumulativeLottery,InnovativeSubsidy
sv_CumulativeLottery,Dy_InnovativeSubsidy
Already,Reflect
Pass,Mask
Levels,Dredge
AlreadyPassLevels,ReflectMaskDredge
sv_AlreadyPassLevels,Dy_ReflectMaskDredge
NewUserStepFinish,BedSaveToneTrader
sv_NewUserStepFinish,Dy_BedSaveToneTrader
count,Voice
sv_task_level_count,Dy_Neon_Spiky_Voice
FirstSlot,InnerWary
sv_FirstSlot,Dy_InnerWary
FirstLevelUPSlot,InnerMagmaUPWary
sv_FirstLevelUPSlot,Dy_InnerMagmaUPWary
Adid,Rely
AdjustAdid,SqueakRely
sv_AdjustAdid,Dy_SqueakRely
trial,Midst
num,Bad
sv_ad_trial_num,Dy_If_Midst_Bad
total,Fleet
sv_total_ad_num,Dy_Fleet_If_Bad
key,Elk
sv_energy_key,Dy_Purely_Elk
time,Slit
stamp,Excel
sv_time_stamp_key,Dy_time_Excel_Elk
sv_ship_level,Dy_Tool_Spiky
exp,Too
sv_ship_exp,Dy_Tool_exp
fishcount,Partition
sv_total_fishcount,Dy_Fleet_Partition
smallgame,Deterrent
sv_total_smallgame,Dy_Fleet_Deterrent
fervertime,Freshwater
sv_total_fervertime,Dy_Fleet_Freshwater
guide,Niche
center,Poorly
done,Slot
sv_guide_boss_center_done,Dy_Niche_Jean_Poorly_Slot
first,Aphid
sv_guide_ferver_first_done,Dy_Niche_Spinal_first_Slot
click,Opera
auto,Sash
shoot,Paris
toggle,Cement
sv_click_auto_shoot_toggle,Dy_Opera_Sash_Paris_Cement
mg,Ax
Window,Parlor
WindowOpen,ParlorTerm
mg_WindowOpen,mg_ParlorTerm
WindowClose,ParlorDrift
mg_WindowClose,Ax_ParlorDrift
levelcomplete,Thermodynamic
mg_ui_levelcomplete,Ax_Up_Thermodynamic
addgold,Woodlot
mg_ui_addgold,Ax_Up_Woodlot
addtoken,Obsidian
mg_ui_addtoken,Ax_Up_Obsidian
addamazon,Germanium
mg_ui_addamazon,Ax_Up_Germanium
Suspend,Extreme
GameSuspend,RopeExtreme
mg_GameSuspend,Ax_RopeExtreme
Change,Unjust
ItemChange,KeepUnjust
mg_ItemChange_,Ax_KeepUnjust_
Activity,Material
ActivityStateChange,MaterialIncurUnjust
mg_ActivityStateChange_,Ax_MaterialIncurUnjust_
LevelMaxLevelChange,MagmaTheMagmaUnjust
mg_LevelMaxLevelChange,Ax_MagmaTheMagmaUnjust
path,Mess
GoldCoin,SeatSate
path_GoldCoin_Sprite,Mess_SeatSate_Behind
Dimond,Longer
path_Token_Sprite_Dimond,Mess_Party_Behind_Longer
Prefix,Runway
FishPrefabNamePrefix,SoonRadialCoinRunway
TIMEOUT,TIMEOUT
BaseUrl,SeedMaw
BaseLoginUrl,SeedReuseMaw
BaseConfigUrl,SeedTediumMaw
BaseTimeUrl,SeedLineMaw
BaseAdjustUrl,SeedSqueakMaw
Code,Know
GameCode,RopeKnow
Channel,Surpass
country,Referee
ConfigData,TediumMint
GameData,RopeMint
InitData,RailMint
Manager,Strange
adManager,IfStrange
gaid,Head
aid,Beg
idfa,Free
ready_count,Plank_Voice
Rule,Palm
BlockRule,EruptPalm
DataFrom,MintCall
Sign,Pack
SignInData,PackAnMint
List_SignInData,Tall_PackAnMint
Str,Nss
UserDataStr,SaveMintNss
UserData,SaveMint
GetUserInfoCount,LawSaveColeRelic
text,Fare
GetSuccess,LawPresage
Fail,Mast
GetFail,LawMast
DEFAULT,DEFAULT
DEFAULT_TIMEOUT,DEFAULT_TIMEOUT
RETRY,RETRY
COUNT,COUNT
MAX_RETRY_COUNT,MAX_RETRY_COUNT
INTERVAL,INTERVAL
RETRY_INTERVAL,RETRY_INTERVAL
request,Tieback
Tasks,Linen
requestTasks,TiebackLinen
Net,Lop
Work,Tomb
NetWorkGetList,LopTombLawTall
NetWorkPostList,LopTombBabyTall
URL,URL
Form,Bard
PostSuccess,BabyPresage
PostFail,BabyMast
target,Litter
targetImage,LitterTwain
corners,Loyally
targetOffsetX,LitterVoyageX
targetOffsetY,LitterVoyageY
material,Horsefly
currentOffsetX,NotableVoyageX
currentOffsetY,NotableVoyageY
shrink,Seller
shrinkTime,SellerLine
event,Field
Penetrate,Plantlike
eventPenetrate,FieldPlantlike
targetWidth,LitterMetal
Height,Abroad
targetHeight,LitterAbroad
Velocity,Stamford
shrinkVelocityX,SellerStamfordX
shrinkVelocityY,SellerStamfordY
Dic,Pry
PoolDic,CookPry
m_PoolDic,m_CookPry
RootTransform,ReadProcedure
m_RootTransform,m_ReadProcedure
Destroyed,Immensely
LastDestroyedFrame,SinkImmenselyKrill
s_LastDestroyedFrame,s_SinkImmenselyKrill
Application,Disseminate
Quitting,Efficacy
ApplicationQuitting,DisseminateQuitting
s_ApplicationQuitting,s_DisseminateQuitting
Toast,Japan
ToastText,JapanBode
needStartRefresh,NileHordeFlipper
Tracker,Utilize
TrackerName,UtilizeCoin
Adjust_TrackerName,Squeak_UtilizeCoin
AP,AP
Save_AP,Airy_AP
NormalModeName,MalletObeyCoin
Distances,Unpopular
Reason,Myxoma
Log,Fan
StepLog,ToneFan
Animator,Priority
ferverTransitionAnimator,SpinalEquatorialPriority
Loading,Garland
Ani,Sty
OnLoadingAniFinish,OrGarlandStyTrader
homePanel,OvalStand
tip,Fan
tipRoot,tipRead
scaleDuration,SpearCheerful
visible,Fanwise
visibleDuration,FanwiseCheerful
popup,Pilot
popupEase,PilotShut
arrow,Sheer
arrowRect,SheerFear
Tip,Ala
arrowTipRect,SheerAlaFear
root,Chew
rootRect,ChewFear
swim,Diet
swimSystem,DietSolder
warnSpine,StunStrip
warnSpine2,StunStrip2
particle,Decrease
particleRoot,DecreaseRead
warnAnimName,StunHaltCoin
fallback,Persuade
fallbackToFirstAnim,PersuadeAxInnerHalt
edge,Live
Inset,Steam
edgeInsetX,LiveInsetX
After,Issue
arrowCloseDelayAfterSpine,SheerDriftTrackIssueStrip
WarnRoutine,FearFragile
m_WarnRoutine,m_FearFragile
planner,Tightly
use,Boy
Flow,Trap
useBossWarnFlow,BoyGazeFearTrap
PendingBossData,FactoryGazeMint
m_PendingBossData,m_FactoryGazeMint
BossFishType,GazeSoonToll
bossWarnSpineDuration,JeanFearStripCheerful
bossWarnPostDelay,JeanFearBabyTrack
BossPrefabCacheMap,GazeRadialRanchBox
m_BossPrefabCacheMap,m_GazeRadialRanchBox
SkeletonGraphic,PossibleDiamond
m_SkeletonGraphic,m_PossibleDiamond
texts,Story
textsObj,StoryTin
particleObj,DecreaseTin
number,German
numberText,GermanBode
original,Meantime
originalScale,MeantimeTrunk
currentTween,NotableLeast
overshoot,Synthetic
overshootScale,SyntheticTrunk
duration,Pipeline
ease,Fish
easeIn,FishAn
easeOut,FishToo
Particles,Embarrass
uiParticles,UpEmbarrass
Systems,Destroy
particleSystems,DecreaseDestroy
override,Civilian
overrideDuration,CivilianCheerful
category,Televise
burst,Bongo
burstPrefab,BongoRadial
preload,Einkorn
preloadCount,EinkornRelic
categoryFxConfigs,TeleviseOnGallium
spawnRoot,MayorRead
Concurrent,Oppositely
maxConcurrentBurstFx,ViaOppositelyBrookOn
high,Core
Categories,Undeniable
highPriorityCategories,CoreEfficacyUndeniable
Overflow,Garrison
Slots,Count
highPriorityOverflowSlots,CoreEfficacyGarrisonCount
Initialized,Restoration
m_Initialized,m_Restoration
PoolMap,CookBox
m_PoolMap,m_CookBox
ReturnRoutineMap,CrouchFragileBox
m_ReturnRoutineMap,m_CrouchFragileBox
m_Prefab,m_Radial
m_Parent,m_Solely
Rotation,Pedagogy
DefaultLocalRotation,PeddlerUtterPedagogy
m_DefaultLocalRotation,m_PeddlerUtterPedagogy
DefaultLocalScale,PeddlerUtterTrunk
m_DefaultLocalScale,m_PeddlerUtterTrunk
m_Items,m_Agent
Binding,Harmful
BindingMap,HarmfulBox
m_BindingMap,m_HarmfulBox
zoom,Jazz
zoomCamera,JazzPreach
Raw,Log
zoomRawImage,JazzLogTwain
screen,Define
Point,Track
screenPointCamera,DefinePointPreach
zoomDuration,JazzCheerful
zoomInOrthoSizeMultiplier,JazzAnEliteSlitHenceforth
zoomInFovMultiplier,JazzAnCowHenceforth
Lerp,Home
centerLerp,PoorlyHome
centerOnTarget,PoorlyOrExpert
debug,Pearl
debugLog,PearlFan
Coro,Coin
m_Coro,m_Coro
StartOrthoSize,HordeEliteSlit
m_StartOrthoSize,m_HordeEliteSlit
StartFov,HordeCow
m_StartFov,m_HordeCow
StartPos,HordeVan
m_StartPos,m_HordeVan
StartRot,HordeGet
m_StartRot,m_HordeGet
zoomWindow,JazzParlor
window,Closet
Background,Speculator
windowBackground,ClosetSpeculator
zoomScale,JazzTrunk
tweenDuration,MaserCheerful
centerTargetInWindow,PoorlyExpertAnParlor
reparent,Republic
reparentTarget,reparentExpert
TargetFish,ExpertSoon
m_TargetFish,m_ExpertSoon
Original,Presence
OriginalParent,PresenceSolely
m_OriginalParent,m_PresenceSolely
Sibling,Episode
OriginalSiblingIndex,PresenceEpisodeSlope
m_OriginalSiblingIndex,m_PresenceEpisodeSlope
OriginalLocalScale,PresenceUtterTrunk
m_OriginalLocalScale,m_PresenceUtterTrunk
OriginalAnchoredPosition,PresenceWildlifeMystique
m_OriginalAnchoredPosition,m_PresenceWildlifeMystique
Delta,Fetus
OriginalSizeDelta,PresenceSlitFetus
m_OriginalSizeDelta,m_PresenceSlitFetus
Anchor,Arouse
OriginalAnchorMin,PresenceArouseDog
m_OriginalAnchorMin,m_PresenceArouseDog
OriginalAnchorMax,PresenceArouseThe
m_OriginalAnchorMax,m_PresenceArouseThe
Pivot,Month
OriginalPivot,PresenceMonth
m_OriginalPivot,m_PresenceMonth
TargetCanvas,ExpertShroud
m_TargetCanvas,m_ExpertShroud
UICam,UIBur
m_UICam,m_UIBur
ferverProgressImage,SpinalCommerceTwain
fill,Tube
fillAnimSpeed,TubeHaltModal
ferverTransitionObject,SpinalEquatorialRation
ferverTransitionStateName,SpinalEquatorialIncurCoin
hideTransitionObjectOnFinish,WoodEquatorialRationOrTrader
Particle,Addition
ferverTransitionParticle,SpinalEquatorialAddition
ferverTransitionParticle1,SpinalEquatorialAddition1
Active,Potash
ferverFerverActiveParticle,SpinalBenignPotashAddition
ferverFerverActiveParticle2,SpinalBenignPotashAddition2
Lang,Shed
LangSkeleton,ShedPossible
m_LangSkeleton,m_ShedPossible
CurrentProgress,BalanceCommerce
m_CurrentProgress,m_BalanceCommerce
NeedProgress,WoadCommerce
m_NeedProgress,m_WoadCommerce
RemainingSeconds,SixteenthConfine
m_RemainingSeconds,m_SixteenthConfine
TotalSeconds,PulseConfine
m_TotalSeconds,m_PulseConfine
TargetFill,ExpertDamp
m_TargetFill,m_ExpertDamp
IsEnterTransitionPlaying,HePriorEquatorialDevelop
m_IsEnterTransitionPlaying,m_HePriorEquatorialDevelop
SlotPanelName,WaryStandCoin
LuckyCardPanelName,CouldZeroStandCoin
Co,Ax
LittleGameSchedulerCo,SlightRopeColorlessCo
m_LittleGameSchedulerCo,m_SlightRopeColorlessCo
Mini,Amid
MiniGameIntroCo,AmidRopeBriefAx
m_MiniGameIntroCo,m_AmidRopeBriefAx
Enabled,Plaster
LittleGameSchedulerEnabled,SlightRopeColorlessPlaster
m_LittleGameSchedulerEnabled,m_SlightRopeColorlessPlaster
Waiting,Century
WaitingItemType,CenturyKeepToll
m_WaitingItemType,m_CenturyKeepToll
Timer,Truth
Elapsed,Pyramid
Unscaled,Heredity
TimerElapsedUnscaled,TruthPyramidHeredity
m_TimerElapsedUnscaled,m_TruthPyramidHeredity
IsFirstTriggerPending,HeInnerSituateFactory
m_IsFirstTriggerPending,m_HeInnerSituateFactory
LittleGameIntervalSeconds,SlightRopeUpcomingConfine
m_LittleGameIntervalSeconds,m_SlightRopeUpcomingConfine
MiniGameCountBeforeBoss,AmidRopeRelicBridgeGaze
m_MiniGameCountBeforeBoss,m_AmidRopeRelicBridgeGaze
Since,Carol
FinishedMiniGameCountSinceBoss,LuminousAmidRopeRelicSinceGaze
m_FinishedMiniGameCountSinceBoss,m_LuminousAmidRopeRelicSinceGaze
LastMiniGamePanelName,SinkAmidRopeStandCoin
m_LastMiniGamePanelName,m_SinkAmidRopeStandCoin
PendingMiniGamePanelName,FactoryAmidRopeStandCoin
m_PendingMiniGamePanelName,m_FactoryAmidRopeStandCoin
Ready,Crawl
ReadyMiniGamePanelName,CrawlAmidRopeStandCoin
m_ReadyMiniGamePanelName,m_CrawlAmidRopeStandCoin
ReadyMiniGameFishDeathWorldPosition,CrawlAmidRopeSoonStintGourdMystique
m_ReadyMiniGameFishDeathWorldPosition,m_CrawlAmidRopeSoonStintGourdMystique
ReadyMiniGameShotId,CrawlAmidRopeGolfWe
m_ReadyMiniGameShotId,m_CrawlAmidRopeGolfWe
ReadyBossSpawnShotId,CrawlGazeShearGolfWe
m_ReadyBossSpawnShotId,m_CrawlGazeShearGolfWe
Ids,Pig
BossKilledShotIds,GazeStrideGolfIds
m_BossKilledShotIds,m_GazeStrideGolfIds
OnNormalShotAllowLowPriorityHandler,OrMalletGolfUnifyTanEfficacyMixture
m_OnNormalShotAllowLowPriorityHandler,m_OrMalletGolfUnifyTanEfficacyMixture
m_Cash,m_Coma
m_Diamond,m_Fallacy
CountText,RelicBode
m_CountText,m_RelicBode
Break,Agent
BreakFx,BreakOn
m_BreakFx,m_BreakOn
m_Rect,m_Fear
Controller,Dependably
m_Controller,m_Dependably
RewardType,TempleToll
m_RewardType,m_TempleToll
RewardCount,TempleRelic
m_RewardCount,m_TempleRelic
Rise,Bulk
RiseSpeed,BulkModal
m_RiseSpeed,m_BulkModal
MinX,DogX
m_MinX,m_DogX
MaxX,TheX
m_MaxX,m_TheX
TopY,AntY
m_TopY,m_AntY
BottomY,HunterY
m_BottomY,m_HunterY
Direction,Intersect
MoveDirection,PeatIntersect
m_MoveDirection,m_PeatIntersect
Hit,Few
Handled,Fanners
HitHandled,FewFanners
m_HitHandled,m_FewFanners
Use,Sum
UseUnscaledTime,SumHeredityLine
m_UseUnscaledTime,m_SumHeredityLine
Paused,Suburb
IsGameplayPaused,HeCylinderSuburb
m_IsGameplayPaused,m_HeCylinderSuburb
Bursting,Disperse
IsSpawnBursting,HeShearDisperse
m_IsSpawnBursting,m_HeShearDisperse
SpawnBurstTargetY,ShearBrookExpertY
m_SpawnBurstTargetY,m_ShearBrookExpertY
SpawnBurstSpeed,ShearBrookModal
m_SpawnBurstSpeed,m_ShearBrookModal
Sway,Myth
SwayTime,MythLine
m_SwayTime,m_MythLine
Amplitude,Evolution
SwayAmplitude,MythEvolution
m_SwayAmplitude,m_MythEvolution
Frequency,Stonework
SwayFrequency,MythStonework
m_SwayFrequency,m_MythStonework
StartAnchoredX,HordeWildlifeX
m_StartAnchoredX,m_HordeWildlifeX
ScaleFrequency,TrunkStonework
m_ScaleFrequency,m_TrunkStonework
ScaleRange,TrunkDegas
m_ScaleRange,m_TrunkDegas
SpawnBurstHeight,ShearBrookAbroad
SpawnBurstSpeedMultiplier,ShearBrookModalHenceforth
SpawnBurstMinSpeed,ShearBrookDogModal
Bubble,Sneeze
Unit,Diet
BubbleUnitAmount,SneezeUnitDiffer
Area,Fore
spawnArea,MayorFore
bubble,Itself
bubblePrefab,ItselfRadial
Bound,Boule
bubbleBoundTop,ItselfBouleAnt
bubbleBoundBottom,ItselfBouleHunter
Left,Well
bubbleBoundLeft,ItselfBouleWell
Right,Begin
bubbleBoundRight,ItselfBouleBegin
pool,Tusk
Prewarm,Cluster
poolPrewarmCount,TuskPrewarmRelic
rise,Week
riseSpeedMin,WeekModalDog
riseSpeedMax,WeekModalThe
top,Eka
topPadding,EkaInclude
useUnscaledTime,BoyHeredityLine
Batch,Shoot
SpawnBatchIntervalSeconds,ShearShootUpcomingConfine
SpawnInBatchIntervalSeconds,ShearAnShootUpcomingConfine
SpawnBatchMinCount,ShearShootDogRelic
SpawnBatchMaxCount,ShearShootTheRelic
m_Pool,m_Cook
Alive,Union
Bubbles,Request
AliveBubbles,UnionRequest
m_AliveBubbles,m_UnionRequest
PendingSpawnQueue,FactoryShearSteam
m_PendingSpawnQueue,m_FactoryShearSteam
SpawnCoroutine,ShearPhysician
m_SpawnCoroutine,m_ShearPhysician
Hidden,Shrill
BubblesHiddenByFerver,RequestShrillBeBenign
m_BubblesHiddenByFerver,m_RequestShrillBeBenign
PausedByGameplay,SuburbBeCylinder
m_PausedByGameplay,m_SuburbBeCylinder
rewardId,RemainWe
rewardName,RemainCoin
rewardType,RemainToll
rewardCount,RemainRelic
probability,Fashionable
probabilityBps,FashionableYou
wheel,Stele
wheelRoot,SteleRead
panel,Frost
panelRoot,FrostRead
hidden,Matrix
hiddenPosY,MatrixVanY
shown,Those
shownPosY,ThoseVanY
panelAnimDuration,FrostHaltCheerful
panelAnimEase,FrostHaltShut
display,Thinker
displaySlotCount,ThinkerWaryRelic
rewardConfigs,RemainGallium
Order,Snowy
displayRewardOrder,ThinkerTempleSnowy
displayRewardTypeOrder,ThinkerTempleTollSnowy
displayRewardCountOrder,ThinkerTempleRelicSnowy
extra,Blaze
Rounds,Aboard
extraRounds,BlazeAboard
clockwise,Autonomic
spin,Lash
spinDuration,LashCheerful
retrigger,Overcrowd
retriggerCooldown,OvercrowdInstance
Curve,Quilt
spinCurve,LashQuilt
Entrt,Atlas
Partical,Nomadism
EntrtPartical,AtlasNomadism
m_EntrtPartical,m_AtlasNomadism
WinPartical,RowNomadism
m_WinPartical,m_RowNomadism
spinCo,LashAx
currentZ,NotableZ
runtime,Outflow
runtimeReady,OutflowCrawl
panelTween,FrostLeast
unlock,Healer
unlockTween,HealerLeast
Locked,Firmly
spinLocked,LashFirmly
pendingSpinByProbabilityCount,FoghornMustBeCelebrationRelic
isFeverTransitionPending,BeOtherEquatorialFactory
wheelItems,SteleAgent
Wall,Tune
Tag,Eye
WallTag,TuneTag
FishTag,SoonEye
Projectile,Tambourine
m_Projectile,m_Tambourine
FishHitCount,SoonFewRelic
m_FishHitCount,m_SoonFewRelic
Slow,Bask
FishHitCountForSlow,SoonFewRelicEyeBask
m_FishHitCountForSlow,m_SoonFewRelicEyeBask
Evaluated,Composite
ShotEvaluated,GolfComposite
m_ShotEvaluated,m_GolfComposite
ComboAnim,SwarmHalt
m_ComboAnim,m_SwarmHalt
TestZoomDuration,FillLastCheerful
m_TestZoomDuration,m_FillLastCheerful
DebugHitFish,FleshFewSoon
m_DebugHitFish,m_FleshFewSoon
Triggered,Hollywood
IsZoomTriggeredForThisShot,HeLastHollywoodEyeMildGolf
m_IsZoomTriggeredForThisShot,m_HeLastHollywoodEyeMildGolf
Consumed,Constant
BossCloseupConsumedThisShot,GazeTerrainConstantMildGolf
m_BossCloseupConsumedThisShot,m_GazeTerrainConstantMildGolf
Non,Rut
BossNonLethalHitConsumedThisHookShot,GazeRutHonestFewConstantMildGrayGolf
m_BossNonLethalHitConsumedThisHookShot,m_GazeRutHonestFewConstantMildGrayGolf
EnableUIZoomWindowTest,ScenicUILastParlorFill
m_EnableUIZoomWindowTest,m_ScenicUILastParlorFill
UIZoomScale,UILastTrunk
m_UIZoomScale,m_UILastTrunk
UIZoomWindowController,UILastParlorDependably
m_UIZoomWindowController,m_UILastParlorDependably
Magnifier,Euphrates
Only,Club
EnableMagnifierCamOnlyTest,ScenicEuphratesBurClubFill
m_EnableMagnifierCamOnlyTest,m_ScenicEuphratesBurClubFill
MagnifierOnlyController,EuphratesClubDependably
m_MagnifierOnlyController,m_EuphratesClubDependably
Stop,Plum
Disable,Observe
StopMagnifierOnlyOnDisableForTest,PlumEuphratesClubOrObserveEyeFill
m_StopMagnifierOnlyOnDisableForTest,m_PlumEuphratesClubOrObserveEyeFill
move,Amid
moveSpeed,moveModal
m_Direction,m_Intersect
Traveled,Sympathy
m_Traveled,m_Sympathy
Length,Lavish
MaxLength,TheLavish
m_MaxLength,m_TheLavish
Flying,Afield
IsFlying,HeAfield
m_IsFlying,m_HeAfield
Recycle,Calcite
OnRecycle,OrCalcite
m_OnRecycle,m_OrCalcite
SourcePrefab,CanvasRadial
m_SourcePrefab,m_CanvasRadial
CloseupSpeedMultiplier,TerrainModalHenceforth
m_CloseupSpeedMultiplier,m_TerrainModalHenceforth
ShotId,GolfWe
m_ShotId,m_GolfWe
Idle,Berg
ShipIdleAnimName,UtahBergHaltCoin
ShipFireAnimName,UtahHumpHaltCoin
Gun,Sty
GunGraphic,GunDiamond
m_GunGraphic,m_GunDiamond
GunFireOver,StyHumpGaze
La,So
Gonging,Surgeon
GunLaGonging,StyLaSurgeon
GunFire,StyHump
Gong,Core
GunLLaGongOver,StyLSoGongGaze
swing,Count
swingNew,swingBed
Shoot,Strap
autoShootIntervalSeconds,SashStrapUpcomingConfine
Off,Jar
autoOffSprite,SashOffBehind
autoOnSprite,SashOrBehind
feedback,Suddenly
feedbackTarget,SuddenlyExpert
clickDownScale,OperaLoveTrunk
Feedback,Flexible
clickFeedbackDuration,OperaFlexibleCheerful
AutoEnabled,AeroPlaster
m_AutoEnabled,m_AeroPlaster
PausedByTransition,SuburbBeEquatorial
m_PausedByTransition,m_SuburbBeEquatorial
AutoLoopCo,AeroLineAx
m_AutoLoopCo,m_AeroLineAx
ClickFeedbackCo,LeakyFlexibleAx
m_ClickFeedbackCo,m_LeakyFlexibleAx
Origin,Employ
FeedbackOriginScale,FlexibleEmployTrunk
m_FeedbackOriginScale,m_FlexibleEmployTrunk
Toggle,Radius
LastToggleFrame,SinkRadiusKrill
m_LastToggleFrame,m_SinkRadiusKrill
long,Loom
Press,Steel
longPressThresholdSeconds,LoomSteelConsensusConfine
cancel,Seller
Exit,Lean
cancelOnExit,cancelOrLean
Visual,Vacant
ferverPressVisualDuration,SpinalSteelVacantCheerful
normalSprite,CensusBehind
pressed,Animate
pressedSprite,AnimateBehind
Pointer,Mystery
IsPointerDown,HeMysteryLove
m_IsPointerDown,m_HeMysteryLove
Began,Shine
BeganThisPress,ShineMildSteel
m_BeganThisPress,m_ShineMildSteel
PointerId,MysteryWe
m_PointerId,m_MysteryWe
Wait,Pond
Long,Fire
WaitLongPressCo,WaitFireSteelAx
m_WaitLongPressCo,m_WaitFireSteelAx
ResetVisualCo,PrimeVacantAx
m_ResetVisualCo,m_PrimeVacantAx
require,Infancy
requireLongPressToBegin,InfancyFireSteelAxStump
idle,Icon
idleAnimName,IconHaltCoin
hit,Don
hitAnimName,DonHaltCoin
Single,Luxury
ferverSingleHitAnimNameA,SpinalSingleFewHaltCoinA
ferverSingleHitAnimNameB,SpinalLuxuryFewHaltCoinB
idleAnimBaseTimeScale,IconHaltSeedLineTrunk
idleAnimSpeedMultiplier,IconHaltModalHenceforth
hitAnimTimeScale,DonHaltLineTrunk
death,Rough
deathAnimTimeScale,RoughHaltLineTrunk
attacker,Emphasis
attackerTag,EmphasisEye
can,Wax
Be,ID
canBeHookHit,WaxBeGrayFew
disable,Lightly
Collider,Devotion
disableColliderOnHit,LightlyColliderOrFew
isBossFish,BeGazeSoon
Weak,Lieu
bossWeakCollider,JeanLieuDevotion
bossCloseupTriggerCollider,JeanTerrainSituateDevotion
bossNonLethalHitAnimName,JeanRutHonestFewHaltCoin
prefab,Pigeon
Facing,Mussel
prefabFacing,PigeonMussel
speedRange,VagueDegas
scaleRange,SpearDegas
vertical,Collapse
Bands,Pivot
verticalSpawnBands,CollapseShearPivot
Extra,Plumb
Buffer,Quaker
spawnExtraBuffer,MayorPlumbQuaker
recycle,Yucatan
recycleExtraBuffer,YucatanPlumbQuaker
Variant,Pullman
enableIdleSpeedVariant,BovineBergModalPullman
Sec,Mow
idleSpeedVariantTriggerIntervalSec,IconModalPullmanSituateUpcomingMow
idleSpeedVariantTriggerProbability,IconModalPullmanSituateCelebration
idleSpeedVariantDurationSec,IconModalPullmanCheerfulMow
Accel,Crush
idleSpeedVariantAccelProbability,IconModalPullmanCrushCelebration
idleSpeedVariantAccelPercent,IconModalPullmanCrushShowman
Decel,Clear
idleSpeedVariantDecelPercent,IconModalPullmanClearShowman
idleSpeedVariantRampTimeSec,IconModalPullmanGillLineMow
steer,Tight
Turn,Bard
steerTurnTriggerIntervalSec,steerTurnSituateUpcomingMow
steerTurnTriggerProbability,TightBardSituateCelebration
steerTurnTotalDurationSec,TightBardPulseCheerfulMow
Positive,Conclude
Pitch,Snail
steerPositivePitchProbability,TightConcludeSnailCelebration
Deg,Sex
steerPositivePitchDeg,TightConcludeSnailSex
Negative,Unstable
steerNegativePitchDeg,TightUnstableSnailSex
steerTurnToMaxTimeSec,TightBardAxTheLineMow
debugInfoText,PearlColeBode
BaseSpeed,SeedModal
m_BaseSpeed,m_SeedModal
BaseY,SeedY
m_BaseY,m_SeedY
Dir,Rut
MoveDir,PeatDir
m_MoveDir,m_PeatDir
Steer,Noble
SteerPathYOffset,NobleHeedYVoyage
m_SteerPathYOffset,m_NobleHeedYVoyage
StopMoveAfterLethalHit,PlumPeatIssueHonestFew
m_StopMoveAfterLethalHit,m_PlumPeatIssueHonestFew
Notified,Inchworm
LethalMoneyAndFxNotified,HonestExactSowOnInchworm
m_LethalMoneyAndFxNotified,m_HonestExactSowOnInchworm
IsHitPlaying,HeFewDevelop
m_IsHitPlaying,m_HeFewDevelop
Should,Flavin
Die,Its
Complete,Variable
ShouldDieOnHitComplete,FlavinItsOrFewVariable
m_ShouldDieOnHitComplete,m_FlavinItsOrFewVariable
Runtime,Epitome
EnableIdleSpeedVariantRuntime,ScenicBergModalPullmanEpitome
m_EnableIdleSpeedVariantRuntime,m_ScenicBergModalPullmanEpitome
EnableSteerTurnRuntime,ScenicNobleBardEpitome
m_EnableSteerTurnRuntime,m_ScenicNobleBardEpitome
BossCrossCenterGuideSent,GazeGlobeEightyTightSpot
m_BossCrossCenterGuideSent,m_GazeGlobeEightyTightSpot
Gate,Deco
ShouldGateBossWeakPointByGuide,FlavinDecoGazeLieuTrackBeTight
m_ShouldGateBossWeakPointByGuide,m_FlavinDecoGazeLieuTrackBeTight
SteerTurnState,NobleBardIncur
m_SteerTurnState,m_NobleBardIncur
SteerTurnIntervalTimer,NobleBardUpcomingTruth
m_SteerTurnIntervalTimer,m_NobleBardUpcomingTruth
SteerTurnElapsed,NobleBardPyramid
m_SteerTurnElapsed,m_NobleBardPyramid
SteerTurnTotalDuration,NobleBardPulseCheerful
m_SteerTurnTotalDuration,m_NobleBardPulseCheerful
SteerTurnToMaxDuration,NobleBardAxTheCheerful
m_SteerTurnToMaxDuration,m_NobleBardAxTheCheerful
SteerTurnPitchMaxDeg,NobleBardSnailTheSex
m_SteerTurnPitchMaxDeg,m_NobleBardSnailTheSex
IdleSpeedVariantState,BergModalPullmanIncur
m_IdleSpeedVariantState,m_BergModalPullmanIncur
IdleSpeedVariantIntervalTimer,BergModalPullmanUpcomingTruth
m_IdleSpeedVariantIntervalTimer,m_BergModalPullmanUpcomingTruth
IdleSpeedVariantEventElapsed,BergModalPullmanLatinPyramid
m_IdleSpeedVariantEventElapsed,m_BergModalPullmanLatinPyramid
IdleSpeedVariantStartMultiplier,BergModalPullmanHordeHenceforth
m_IdleSpeedVariantStartMultiplier,m_BergModalPullmanHordeHenceforth
IdleSpeedVariantTargetMultiplier,BergModalPullmanExpertHenceforth
m_IdleSpeedVariantTargetMultiplier,m_BergModalPullmanExpertHenceforth
Miao,File
MiaoSkeletonGraphic,FilePossibleDiamond
m_MiaoSkeletonGraphic,m_FilePossibleDiamond
D,D
m_Collider2D,m_Devotion2D
All,Pin
Colliders,Sumptuous
AllColliders,PinSumptuous
m_AllColliders2D,m_PinSumptuous2D
m_Level,m_Magma
HP,HP
m_HP,m_HP
m_Reward,m_Temple
DiamondReward,FallacyTemple
m_DiamondReward,m_FallacyTemple
FishId,SoonWe
m_FishId,m_SoonWe
FishType,SoonToll
m_FishType,m_SoonToll
Category,Upheaval
FishCategory,SoonUpheaval
m_FishCategory,m_SoonUpheaval
PendingLethalRecycleAfterCloseup,FactoryHonestCalciteIssueTerrain
m_PendingLethalRecycleAfterCloseup,m_FactoryHonestCalciteIssueTerrain
skin,Hero
skinName,HeroCoin
hp,An
diamondReward,OutdoorTemple
speedMultiplier,VagueHenceforth
spine,Dream
spineId,DreamWe
skins,Sting
archetypes,Admiration
Spec,Gnaw
LevelToSpec,MagmaAxGnaw
m_LevelToSpec,m_MagmaAxGnaw
CacheReady,RanchCrawl
m_CacheReady,m_RanchCrawl
近水面,近水面
偏上,偏上
中间,中间
偏下,偏下
近水底,近水底
fishId,SortWe
fishType,SortToll
unlockLevel,HealerMagma
sort,Sled
sortOrder,SledSnowy
sell,Wine
Price,Greek
sellPrice,WineGreek
normalSpawnWeight,CensusShearGeyser
Resource,Emulsion
prefabResourcePath,PigeonEmulsionHeed
fishCategory,SortUpheaval
swimArea,DietFore
recycleBuffer,YucatanQuaker
spawnBuffer,MayorQuaker
Extent,Hollow
spawnWidthExtentScale,MayorMetalHollowTrunk
Margin,Norman
spawnExtraXMargin,MayorPlumbXNorman
verticalPadding,CollapseInclude
autoStartOnEnable,SashHordeOrScenic
Reenter,Stiffen
enableBossEscapeReenter,BovineGazeYellowStiffen
bossEscapeMaxCount,JeanYellowTheRelic
Initial,Suffice
Tide,Bust
useInitialTideOnStart,BoySufficeBustOrHorde
normalSpawnDelayAfterInitialTide,CensusShearTrackIssueSufficeBust
slow,Boss
slowSpeedMultiplier,BossModalHenceforth
fishHitSlowSpeedMultiplier,SortFewBaskModalHenceforth
speedLerpRate,VagueHomeDune
overall,Realist
overallFishSpeedScale,RealistSoonModalTrunk
Share,Stark
normalSpawnAnchorLevelShare,CensusShearArouseMagmaStark
Below,Asset
Band,Warn
normalSpawnBelowBandShare,CensusShearAssetWarnStark
normalSpawnBelowLevelCount,CensusShearAssetMagmaRelic
Kind,Nile
Rhythm,Recess
enableSameKindSpawnRhythm,BovineGibeKindShearRecess
same,Sake
sameKindSpawnCooldown,SakeNileShearInstance
Throttle,Forceful
enableNormalSpawnThrottle,BovineMalletShearForceful
Per,Dew
Tick,Lawn
normalSpawnMaxPerTick,CensusShearTheDewLawn
normalSpawnInterval,CensusShearUpcoming
enableInitialSpawnRamp,BovineSufficeShearGill
initial,Thunder
initialSpawnRampDuration,ThunderShearGillCheerful
initialSpawnRateMultiplier,ThunderShearDuneHenceforth
Stage,Serve
Cycle,Prose
useNormalStageTargetCycle,BoyMalletServeExpertProse
normalStage,CensusServe
TargetFishCount,ExpertSoonRelic
normalStage1TargetFishCount,CensusServe1ExpertSoonRelic
normalStage2TargetFishCount,CensusServe2ExpertSoonRelic
normalStage3TargetFishCount,CensusServe3ExpertSoonRelic
normalStage1Duration,CensusServe1Cheerful
normalStage2Duration,CensusServe2Cheerful
normalStage3Duration,CensusServe3Cheerful
useServerFishConfig,BoyHamperSoonTedium
clear,Sword
clearFishOnRuleChange,SwordSoonOrPalmUnjust
ferverTargetFishCount,SpinalExpertSoonRelic
ferverSpeedMultiplier,SpinalModalHenceforth
Row,Egg
useFerverRowSpawn,BoyBenignRowShear
ferverRowCount,SpinalEggRelic
Spacing,Comment
ferverRowSpacingX,SpinalEggCommentX
ferverRowSpeed,SpinalEggModal
Continuous,Officially
ferverContinuousSpawnInterval,SpinalOfficiallyShearUpcoming
ferverContinuousMaxActiveFish,SpinalOfficiallyThePotashSoon
Dedicated,Miniature
ferverDedicatedFishType,SpinalMiniatureSoonToll
useFerverSingleTargetSpawn,BoyBenignLuxuryExpertShear
ferverSingleTargetFishId,SpinalLuxuryExpertSoonWe
ferverSingleTargetSwimInFromRight,SpinalLuxuryExpertRopeAnCallBegin
ferverSingleTargetSwimInDuration,SpinalLuxuryExpertRopeAnCheerful
Fishes,Decade
ActiveFishes,PotashDecade
m_ActiveFishes,m_PotashDecade
ActiveFishOriginMap,PotashSoonEmployBox
m_ActiveFishOriginMap,m_PotashSoonEmployBox
FerverHiddenFishes,BenignShrillDecade
m_FerverHiddenFishes,m_BenignShrillDecade
RuntimeFishTypes,EpitomeSoonRayon
m_RuntimeFishTypes,m_EpitomeSoonRayon
FerverRuntimeFishTypes,BenignEpitomeSoonRayon
m_FerverRuntimeFishTypes,m_BenignEpitomeSoonRayon
PrefabCache,RadialRanch
m_PrefabCache,m_RadialRanch
Key,Ail
NextSpawnTimeByKindKey,SpinShearLineBeNileAil
m_NextSpawnTimeByKindKey,m_SpinShearLineBeNileAil
LastSpawnDirByKindKey,SinkShearRutBeNileAil
m_LastSpawnDirByKindKey,m_SinkShearRutBeNileAil
BossEscapeCountMap,GazeYellowRelicBox
m_BossEscapeCountMap,m_GazeYellowRelicBox
IsInited,HeAccept
m_IsInited,m_HeAccept
Subscribed,Proprietor
IsSubscribed,HeProprietor
m_IsSubscribed,m_HeProprietor
IsPressSlowState,HeSteelBaskIncur
m_IsPressSlowState,m_HeSteelBaskIncur
Value,Favor
FishHitSlowEffectValue,SoonFewBaskAttainFavor
m_FishHitSlowEffectValue,m_SoonFewBaskAttainFavor
CurrentSpeedMultiplier,BalanceModalHenceforth
m_CurrentSpeedMultiplier,m_BalanceModalHenceforth
ModeSpeedMultiplier,ObeyModalHenceforth
m_ModeSpeedMultiplier,m_ObeyModalHenceforth
CurrentGameType,BalanceRopeToll
m_CurrentGameType,m_BalanceRopeToll
CurrentShipLevel,BalanceUtahMagma
m_CurrentShipLevel,m_BalanceUtahMagma
NormalSpawnEnabled,MalletShearPlaster
m_NormalSpawnEnabled,m_MalletShearPlaster
FerverNextRowIndex,BenignSpinEggSlope
m_FerverNextRowIndex,m_BenignSpinEggSlope
FerverSpawnTimer,BenignShearTruth
m_FerverSpawnTimer,m_BenignShearTruth
Controlled,Consultant
ControlledSpawnRoutine,ConsultantShearFragile
m_ControlledSpawnRoutine,m_ConsultantShearFragile
Hotkey,Superb
Spawner,Nebular
TideHotkeySpawner,BustSuperbNebular
m_TideHotkeySpawner,m_BustSuperbNebular
FerverPreClearPending,BenignTowStudyFactory
m_FerverPreClearPending,m_BenignTowStudyFactory
NormalSpawnTimer,MalletShearTruth
m_NormalSpawnTimer,m_MalletShearTruth
Remain,Redbud
NormalSpawnRampRemain,MalletShearGillRedbud
m_NormalSpawnRampRemain,m_MalletShearGillRedbud
NormalStageCycleStarted,MalletServeProseReplant
m_NormalStageCycleStarted,m_MalletServeProseReplant
NormalStageIndex,MalletServeSlope
m_NormalStageIndex,m_MalletServeSlope
NormalStageRemain,MalletServeRedbud
m_NormalStageRemain,m_MalletServeRedbud
FerverSingleTargetFish,BenignLuxuryExpertSoon
m_FerverSingleTargetFish,m_BenignLuxuryExpertSoon
FerverSingleTargetEnterRoutine,BenignLuxuryExpertPriorFragile
m_FerverSingleTargetEnterRoutine,m_BenignLuxuryExpertPriorFragile
School,Iodine
FishSchoolStaggerRoutine,SoonIodineBravelyFragile
m_FishSchoolStaggerRoutine,m_SoonIodineBravelyFragile
Ox,No
Oy,Up
fishSwimSystem,SortRopeSolder
Shapes,Danger
fishSchoolShapes,SortIodineDanger
manual,Jewett
Shape,Drive
manualShapeIndex,JewettDriveSlope
fishSchoolSpawnKey,SortIodineShearAil
autoPlayFishShoal,SashFoodSoonNever
fallbackFishShoalCd,PersuadeSoonNeverIt
FishShoalTimer,SoonNeverTruth
m_FishShoalTimer,m_SoonNeverTruth
Random,Codify
LastRandomShapeIndex,SinkCodifyDriveSlope
m_LastRandomShapeIndex,m_SinkCodifyDriveSlope
App,Cab
AppInBackground,CabAnSpeculator
m_AppInBackground,m_CabAnSpeculator
shipAnim,ToolHalt
swingSpeed,CountModal
start,Eager
startSwing,EagerNorth
press,Cater
pressSwingSpeedMultiplier,CaterNorthModalHenceforth
aim,USA
aimAngleOffset,USAFaintVoyage
Aim,Gut
maxAimAngle,ViaGutFaint
Warp,Fort
swingPhaseWarp,CountStainFort
autoShootHoldSeconds,SashStrapCopeConfine
pressSlowTriggerDelay,CaterBaskSituateTrack
hook,Down
hookRoot,DownRead
hookSpawnPoint,DownShearTrack
hookPrefabNormal,DownRadialMallet
hookPrefabFerver,DownRadialBenign
hookShootSpeed,DownStrapModal
hookMaxLength,DownTheLavish
fishHitSlowDuration,SortFewBaskCheerful
Chamber,Unknown
hookRootChamberStartLocal,DownReadUnknownHordeUtter
hookRootChamberEndLocal,DownReadUnknownBidUtter
Ahook,Apply
img,Tow
imgRect,imgFear
Swinging,Ultimate
isSwinging,BeUltimate
Pressing,Sunbaked
isPressing,BeSunbaked
fired,Maybe
firedThisPress,MaybeMildSteel
pressStartTime,CaterHordeLine
swingTimer,CountTruth
isPressSlowState,BeSteelBaskIncur
isPressSlowSignalState,BeSteelBaskLuxuryIncur
Hooks,Inuit
ActiveHooks,PotashInuit
m_ActiveHooks,m_PotashInuit
PendingHook,FactoryGray
m_PendingHook,m_FactoryGray
PendingHookPrefab,FactoryGrayRadial
m_PendingHookPrefab,m_FactoryGrayRadial
ReloadCooldownRemain,PosterInstanceRedbud
m_ReloadCooldownRemain,m_PosterInstanceRedbud
ReloadChamberTotal,PosterUnknownPulse
m_ReloadChamberTotal,m_PosterUnknownPulse
Chambering,Complement
IsChambering,HeComplement
m_IsChambering,m_HeComplement
ChamberTween,UnknownLeast
m_ChamberTween,m_UnknownLeast
FishHitSlowRemain,SoonFewBaskRedbud
m_FishHitSlowRemain,m_SoonFewBaskRedbud
CurrentFishHitSlowEffectValue,BalanceSoonFewBaskAttainFavor
m_CurrentFishHitSlowEffectValue,m_BalanceSoonFewBaskAttainFavor
Seed,Mist
NormalShotIdSeed,MalletGolfWeMist
m_NormalShotIdSeed,m_MalletGolfWeMist
flyArea,EggFore
seagull,Rapport
seagullRoot,RapportRead
seagulls,Longtime
prefabFacingLeft,PigeonMusselWell
re,My
Randomize,Virtually
Respawn,Episode
reRandomizeScaleOnRespawn,MyVirtuallyTrunkOrRespawn
y,y
Abs,Egg
scaleAbs,SpearAbs
States,Aspect
m_States,m_Aspect
LeftBound,WellBoule
m_LeftBound,m_WellBoule
RightBound,BeginBoule
m_RightBound,m_BeginBoule
YMin,YDog
m_YMin,m_YDog
YMax,YThe
m_YMax,m_YThe
shake,Scene
Power,Stiff
shakePower,SceneStiff
shakeSpeed,SceneModal
shakeDuration,SceneCheerful
ferverShakePower,SpinalAuralStiff
ferverShakeSpeed,SpinalAuralModal
ferverShakeDuration,SpinalAuralCheerful
origin,Doctor
originPos,DoctorVan
Shaking,Optimum
isShaking,BeOptimum
Ripple,Jewett
Radius,Carver
maxRippleRadius,ViaRippleRadius
ripple,Flight
rippleSpeed,FlightModal
Strength,Distance
rippleStrength,FlightDistance
Falloff,Noxious
rippleFalloff,FlightNoxious
water,Curly
waterImage,CurlyTwain
_waterImage,_CurlyTwain
Material,Mastodon
waterMaterial,CurlyMastodon
_waterMaterial,_CurlyMastodon
Rippling,Milkweed
isRippling,BeMilkweed
_isRippling,_BeMilkweed
currentRadius,NotableCarver
_currentRadius,_NotableCarver
rippleCenterUV,FlightEightyUV
_rippleCenterUV,_FlightEightyUV
wave,Hurl
waveSpeed,HurlModal
waveWidth,HurlMetal
waveStrength,HurlDistance
maxRadius,ViaCarver
mat,Who
_mat,_Who
centerUV,PoorlyUV
_centerUV,_PoorlyUV
radius,Icicle
_radius,_Icicle
active,Assume
_active,_Assume
Wave,Zero
WaveCenter,WaveEighty
ID_WaveCenter,ID_WaveEighty
WaveRadius,ZeroCarver
ID_WaveRadius,ID_ZeroCarver
WaveWidth,ZeroMetal
ID_WaveWidth,ID_ZeroMetal
WaveStrength,ZeroDistance
ID_WaveStrength,ID_ZeroDistance
AppSetting,CabPrinter
_AppSetting,_CabPrinter
SYS,SYS
PATH,PATH
CANVAS,CANVAS
SYS_PATH_CANVAS,SYS_PATH_CANVAS
UIFORMS,UIFORMS
CONFIG,CONFIG
INFO,INFO
SYS_PATH_UIFORMS_CONFIG_INFO,SYS_PATH_UIFORMS_CONFIG_INFO
TAG,TAG
SYS_TAG_CANVAS,SYS_TAG_CANVAS
NORMAL,NORMAL
NODE,NODE
SYS_NORMAL_NODE,SYS_NORMAL_NODE
FIXED,FIXED
SYS_FIXED_NODE,SYS_FIXED_NODE
POPUP,POPUP
SYS_POPUP_NODE,SYS_POPUP_NODE
TOP,TOP
SYS_TOP_NODE,SYS_TOP_NODE
SCRIPTMANAGER,SCRIPTMANAGER
SYS_SCRIPTMANAGER_NODE,SYS_SCRIPTMANAGER_NODE
UICAMERA,UICAMERA
SYS_UICAMERA_NODE,SYS_UICAMERA_NODE
onClick,ItLeaky
onDown,ItLove
onEnter,ItPrior
onExit,ItLean
onUp,ItSo
Select,Midway
onSelect,ItMidway
onUpdateSelect,ItAthensMidway
dic,Sap
Messages,Stamford
dicMessages,SapMessages
_dicMessages,_SapMessages
_Key,_Ail
Values,Marble
_Values,_Marble
Instance,Laurasia
_Instance,_Laurasia
ht,Go
Go,Me
GoCanvasRoot,MeShroudRead
_GoCanvasRoot,_MeShroudRead
Tra,Rat
Scripts,Gingham
Node,West
TraUIScriptsNode,RatUIGinghamWest
_TraUIScriptsNode,_RatUIGinghamWest
GoToPanel,MeAxStand
_GoToPanel,_MeAxStand
GoMaskPanel,MeStudStand
_GoMaskPanel,_MeStudStand
UICamera,UIPreach
_UICamera,_UIPreach
OriginalUICameraDepth,PresenceUIPreachCarol
_OriginalUICameraDepth,_PresenceUIPreachCarol
Instatnce,Component
_Instatnce,_Component
Lauguage,Permeate
DicLauguageCache,PryPermeateRanch
_DicLauguageCache,_PryPermeateRanch
CurrentUIType,BalanceUIToll
_CurrentUIType,_BalanceUIToll
close,Frown
button,Radial
close_button,Frown_button
Requested,Minuscule
HasRequestedGameplayPause,LayMinusculeCylinderEnsue
m_HasRequestedGameplayPause,m_LayMinusculeCylinderEnsue
MainCanvas,HangShroud
Forms,House
Paths,China
DicFormsPaths,PryHouseChina
_DicFormsPaths,_PryHouseChina
DicALLUIForms,PryALLUIHouse
_DicALLUIForms,_PryALLUIHouse
Sta,Own
StaCurrentUIForms,OwnBalanceUIHouse
_StaCurrentUIForms,_OwnBalanceUIHouse
DicCurrentShowUIForms,PryBalanceBeatUIHouse
_DicCurrentShowUIForms,_PryBalanceBeatUIHouse
WaitUIForms,PondUIHouse
_WaitUIForms,_PondUIHouse
Transfrom,Collision
TraCanvasTransfrom,RatShroudCollision
_TraCanvasTransfrom,_RatShroudCollision
TraNormal,RatMallet
_TraNormal,_RatMallet
Fixed,Crash
TraFixed,RatCrash
_TraFixed,_RatCrash
Pop,Pry
TraPopUp,RatPopSo
_TraPopUp,_RatPopSo
_Top,_Ant
TraUIScripts,RatUIGingham
_TraUIScripts,_RatUIGingham
TraUICamera,RatUIPreach
_TraUICamera,_RatUIPreach
PanelName,StandCoin
PanelNameList,StandCoinTall
uiFormName,UpBardCoin
Params,Lizard
uiFormParams,UpBardLizard
Reverse,Persian
IsClearReverseChange,HeStudyPersianUnjust
mask,Bond
mypageview,Shoemaking
pos,Ant
posList,posTall
Drag,Grit
isDrag,BeGrit
stop,Plot
stopMove,PlotPeat
Horizontal,Autonomous
targetHorizontal,LitterAutonomous
startDragHorizontal,EagerGritAutonomous
smooting,December
sensitivity,Domesticate
OnPageChange,OrWormUnjust
currentPageIndex,NotableWormSlope
Cell,Feud
itemCell,MoonFeud
scroll,Ninety
scrollRect,NinetyFear
content,Welcome
spacing,Fishery
totalWidth,FleetMetal
totalHeight,FleetAbroad
visibleCount,FanwiseRelic
Clac,Pelt
isClac,BePelt
startIndex,EagerSlope
lastIndex,SoloSlope
itemHeight,MoonAbroad
itemList,MoonTall
visibleList,FanwiseTall
all,May
allList,MayTall
Coll,Folk
OnCollWall,OrFolkTune
OnCollFish,OrFolkSoon
OnPierceHookHitFish,OrDebtorGrayFewSoon
OnHookPressSlowState,OrGraySteelBaskIncur
OnHookFishHitSlowState,OrGraySoonFewBaskIncur
OnFishRequestRecycle,OrSoonClusterCalcite
OnAddMoney,OrTieExact
OnFishAddMoney,OrSoonTieExact
OnFishAddDiamond,OrSoonTieFallacy
IsPause,HeEnsue
CashPoolPrefab,ComaCookRadial
DiamondPoolPrefab,FallacyCookRadial
FlyDiamondItemPoolPrefab,PigFallacyKeepCookRadial
Fireds,Adjoin
IsHookFireds,HeGrayAdjoin
Energys,Fiction
CurrentEnergys,BalanceFiction
Times,Virgo
RemainingRecoverTimes,SixteenthCitadelVirgo
Pendings,Aircraft
IsFerverEnterTransitionPendings,HeBenignPriorEquatorialAircraft
Texts,Glide
ShowFishDebugInfoTexts,BeatSoonFleshColeGlide
Volmue,Toward
EffectVolmue,AttainToward
Ignore,Stitch
IgnoreTimeScale,StitchLineTrunk
currentCount,NotableRelic
_currentCount,_NotableRelic
currentRevenue,NotableShorten
_currentRevenue,_NotableShorten
Ads,Pot
IsShowingAds,HePlayfulPot
Counter,Festive
lastPlayTimeCounter,SoloFoodLineFestive
counter,Utensil
counter101,Utensil101
counter102,Utensil102
counter103,Utensil103
pause,Slush
pauseTimeInterstitial,SlushLineOccupational
Package,Curator
PackageName,CuratorCoin
RequestId,ClusterWe
Headers,Dioxide
OnSuccess,OrPresage
OnFail,OrMast
Retry,Seedy
RetryCount,SeedyRelic
Timeout,Lighten
Running,Seattle
IsRunning,HeSeattle
Web,Vie
WebRequest,VieCluster
RawData,LogMint
GetNetWorkGetListCount,LawLopTombLawTallRelic
GetNetWorkPostListCount,LawLopTombBabyTallRelic
UIParticles,UIEmbarrass
ParticleSystems,AdditionDestroy
CachedDuration,ExemptCheerful
Valid,Brush
IsValid,HeBrush
Result,Litter
LastResultIndex,SinkResultSlope
LastResultRewardId,SinkLitterTempleWe
IsAutoEnabled,HeAeroPlaster
FishRectTransform,SoonFearProcedure
LastNormalHitShotId,SinkMalletFewGolfWe
Pressings,Elsewhere
IsPressings,HeElsewhere
DataCount,MintRelic
Line,Upon
LineHeight,UponAbroad
Send,Tang
SendEvent,TangLatin
SendLevelChanged,TangMagmaAnother
GetTargetFxFromPool,LawExpertOnCallCook
ReturnTargetFxToPool,CrouchExpertOnAxCook
Restart,Shuttle
RestartParticleSystems,ShuttleAdditionDestroy
Estimate,Scotland
EstimateFxDuration,ScotlandOnCheerful
PopShow,PryBeat
Hide,Jolt
PopHide,PryJolt
Best,Weed
UICashMoveBest,UIComaPeatWeed
GoldMoveBest,SeatPeatWeed
ChangeNumber,UnjustSerene
CashMoveBest,ComaPeatWeed
UIDiamondMoveBest,UIFallacyPeatWeed
FishGoldMove,SoonSeatPeat
FishDiamondMove,SoonFallacyPeat
Using,Radio
FishFlyMoveUsingPool,SoonPigPeatUsingCook
Bounce,Breech
GoldBounce,SeatBreech
Scroll,Layout
HorizontalScroll,AutonomousLayout
Icon,Neat
Screen,Obsess
MiniGameIntroIconFlyToScreenCenter,AmidRopeBriefNeatPigAxObsessEighty
feverfish,Spectacle
Scaleani,Mystique
feverfishScaleani,SpectacleScaleani
Print,Worst
Merge,Stark
get,Law
getCameraWidth,getPreachMetal
getCameraHeight,LawPreachAbroad
getWorldPoint,LawGourdTrack
Nearest,Trickle
GetNearestGameObject,LawTrickleRopeRation
PointToAngle,TrackAxFaint
Angle180To360,Faint180Ax360
Unity,Maybe
GetUnityDirection,LawUnityIntersect
Texture,Accrete
True,Woad
getTextureTrueSize,LawAccreteTrueSlit
getSpriteSize,LawBehindSlit
Touch,Spiky
getTouchPosition,LawTouchMystique
getWeightIndex,LawGeyserSlope
GetRandomSequence,LawCodifyElectric
Dictionary,Stonemason
StringToDictionary,BabbleAxStonemason
DictionaryToString,StonemasonAxBabble
Day,Top
Diff,Clue
DayDateDiff,TopMoodClue
SecDateDiff,MowMoodClue
DateDiff,MoodClue
GetPosAtText,LawVanUpBode
Distance,Salinity
DistanceByArea,SalinityBeFore
Encrypt,Citizen
EncryptDES,CitizenDES
Decrypt,Weekend
DecryptDES,WeekendDES
Draw,Soon
Vertical,Mudflats
DrawVertical,DrawMudflats
DrawHorizontal,SoonAutonomous
game,Dime
gameInit,DimeRail
DelayIE,TrackIE
RealTime,LateLine
Delay_RealTime,Track_LateLine
DelayIE_RealTime,TrackIE_LateLine
With,More
WithPause,MoreEnsue
Delay_WithPause,Track_MoreEnsue
DelayIE_WithPause,TrackIE_MoreEnsue
Repeat,Reject
Repeat_WithPause,Reject_MoreEnsue
RepeatCoroutine,RejectPhysician
StopDelay,PlumTrack
Offline,Erectus
GetOfflineTime,LawErectusLine
Unix,Edge
Stamp,Reset
GetUnixTimeStamp,LawEdgeLineReset
Online,Kettle
UpdateLastOnlineTime,AthensSinkKettleLine
GetTimeString,LawLineBabble
Claim,Erupt
PlaySlotAndAutoClaim,FoodWarySowAeroClaim
GetSlotMultiIndex,LawWaryRadioSlope
ClaimAndClose,EruptSowDrift
Notify,Absent
Once,Moss
TryNotifyLittleGameFinishedOnce,KeaAbsentSlightRopeLuminousOnce
Placeholder,Association
PlayFlyMoneyAnimationPlaceholder,FoodPigExactPredatoryAssociation
Grant,Marry
GrantRewardPlaceholder,MarryTempleAssociation
RefreshRewardText,FlipperTempleBode
Set,Due
Buttons,Decease
Interactable,Subsequently
SetButtonsInteractable,DueDeceaseSubsequently
Parse,Moist
Args,Fish
ParseOpenArgs,MoistTermArgs
GetEventIndex,LawLatinSlope
CacheRectTargets,RanchFearCleanly
CacheOne,RanchBuy
Rows,Beat
ResetRowsToStagingY,PrimeRowsAxVarietyY
ResetRowToStagingY,PrimeEggAxVarietyY
Tweens,Plasma
KillRowTweens,PondEggPlasma
KillRowTween,PondEggLeast
StopIntro,PlumBrief
IntroAfterShipRoutine,BriefIssueUtahFragile
Entrance,Instinct
PlayRowEntrance,FoodEggInstinct
ShowInfo,BeatCole
GetZoomInDuration,LawLastAnCheerful
GetFollowDuration,LawCanopyCheerful
Link,Diva
ResetCloseupSpeedLink,PrimeTerrainModalDiva
Fix,You
If,No
Render,Anyone
Inactive,Integral
FixCanvasIfRenderCameraInactive,FixShroudIfAnyonePreachIntegral
Validate,Accuracy
Effective,Captivate
GetEffectiveDistanceCameraToCanvasPlane,LawCaptivateSalinityPreachAxShroudItaly
PlayCloseup,FoodTerrain
PlayCloseupAtWorld,FoodTerrainUpGourd
Or,ID
BeginCloseupFollowOrWorld,StumpTerrainCanopyOrGourd
PlayRestore,FoodUnaided
FocusOnWorldPoint,PanicOrGourdTrack
ClampCameraViewInsideCanvas,CastePreachLuckDetectShroud
SmoothCenterOrthoOnWorldPoint,WickerEightyEliteOrGourdTrack
Translate,Legendary
SmoothCenterPerspectiveTranslateOnly,WickerEightyImpartiallyLegendaryClub
Resolve,Replace
ResolveFishCategory,ReplaceSoonUpheaval
Contains,Beringia
ContainsType,BeringiaToll
InitConfigData,RailTediumMint
GetNormalFishSurpriseDiamondProbabilityBps,LawMalletSoonRegionalFallacyCelebrationYou
GetNormalFishSurpriseDiamondCount,LawMalletSoonRegionalFallacyRelic
GetFishShoalCd,LawSoonNeverIt
InitHomeWheelRewards,RailTendGiantDweller
ParseFishConfig,MoistSoonTedium
GetCurrentLevelNeedExp,LawBalanceMagmaWoadLay
GetNeedExpByLevel,LawWoadLayBeMagma
InitShipProgressOnLogin,RailUtahCommerceOrReuse
LevelUpShipOnce,MagmaSoUtahMoss
GetPendingLevelUpCount,LawFactoryMagmaSoRelic
Can,Ask
Now,Dew
CanShipLevelUpNow,AskUtahMagmaSoNow
SaveShipProgress,AiryUtahCommerce
getCash,LawComa
getCumulativeCash,LawInnovativeComa
add,Tin
addCash,addComa
GetCurrentGoldAsShipExp,LawBalanceSeatWeUtahLay
getToken,LawParty
addToken,TinParty
GetCashFromPool,LawComaCallCook
ReturnCashToPool,CrouchComaAxCook
GetDiamondFromPool,LawFallacyCallCook
ReturnDiamondToPool,CrouchFallacyAxCook
GetCashPool,LawComaCook
ReturnCashPool,CrouchComaCook
GetDiamondPool,LawFallacyCook
ReturnDiamondPool,CrouchFallacyCook
GetFlyDiamondItemFromPool,LawPigFallacyKeepCallCook
ReturnFlyDiamondItemToPool,CrouchPigFallacyKeepAxCook
GetFlyDiamondItemPool,LawPigFallacyKeepCook
ReturnFlyDiamondItemPool,CrouchPigFallacyKeepCook
GetFromPool,LawCallCook
ReturnToPool,CrouchAxCook
Capacity,Granular
InitDOTweenCapacity,RailDOLeastGranular
SetGameType,DueRopeToll
NotifyFishKilled,AbsentSoonStride
StartEnterFerverTransition,HordePriorBenignEquatorial
Confirm,Kinsman
ConfirmEnterFerverTime,KinsmanPriorBenignLine
StartFerverCountDown,HordeBenignRelicLove
StopFerverCountDown,PlumBenignRelicLove
PauseFerverCountdown,EnsueBenignRejection
Resume,Normal
ResumeFerverCountdown,NormalBenignRejection
FerverCountDownCoroutine,BenignRelicLovePhysician
PauseGameplay,EnsueCylinder
ResumeGameplay,NormalCylinder
InitFerverOnLogin,RailBenignOrReuse
RequestFerverUIRefresh,ClusterBenignUIFlipper
PublishFerverProgressEvent,ProudlyBenignCommerceLatin
IsFerverProximityStagingBlock,HeBenignUnnaturalVarietyErupt
PublishFerverCountDownEvent,ProudlyBenignRelicLoveLatin
InitEnergyOnLogin,RailSailorOrReuse
StartEnergyRecoverCoroutine,HordeSailorCitadelPhysician
PublishEnergyEvent,ProudlySailorLatin
RequestEnergyUIRefresh,ClusterSailorUIFlipper
SaveEnergyDataToLocal,AirySailorMintAxUtter
GetCurrentTimestamp,LawBalanceBoulevard
EnergyRecoverCoroutine,SailorCitadelPhysician
Consume,Sundial
ConsumeEnergy,SundialSailor
GetShipLevel,LawUtahMagma
GetShipExp,LawUtahLay
GetShipNeedExp,LawUtahWoadLay
Cost,Fuel
GetShipLevelUpCost,LawUtahMagmaSoFuel
GetShipPendingLevelUpCount,LawUtahFactoryMagmaSoRelic
CanShipUpgradeNow,AskUtahDeceiveDew
TryShipLevelUpOnce,KeaUtahMagmaSoMoss
RequestShipUIRefresh,ClusterUtahUIFlipper
PublishShipExpEvent,ProudlyUtahLayLatin
PublishShipUpgradeStateEvent,ProudlyUtahDeceiveIncurLatin
InitHookConfigOnLogin,RailGrayTediumOrReuse
GetConfigHookHP,LawTediumGrayHP
SetConfigHoohHP,DueTediumMustHP
Rest,Tomb
RestCurHookHP,RestHerGrayHP
GetCurHookHP,LawHerGrayHP
CurHookHPLevelUp,HerGrayHPMagmaSo
SetHookFired,DueGrayWheel
ShowMask,BeatStud
ShowMask_Local,BeatStud_Utter
ShowHand,BeatRoot
HandAnim,RootHalt
InfoMove,ColePeat
ShowNextBtn,BeatSpinTin
SetMaskAlpha,DueStudSpend
Guide_1,Tight_1
Guide_2,Tight_2
Guide_3,Tight_3
Guide_4,Tight_4
BossAtCenter,GazeUpEighty
Guide_BossAtCenter,Tight_GazeUpEighty
FerverFirst,BenignInner
Guide_FerverFirst,Tight_BenignInner
CloseFever,DriftOther
Guide_CloseFever,Tight_DriftOther
Guide_Close,Tight_Drift
RefreshGoldText,FlipperSeatBode
Then,Soda
Roll,Genu
PlayUiSurfaceCashFlyThenRollText,FoodItStingerComaPigSodaGenuBode
PlayFishKillCashFlyThenRollText,FoodSoonPondComaPigSodaGenuBode
Core,Huge
PlayCashFlyThenRollTextCore,FoodComaPigSodaGenuBodeHuge
PlayFishKillDiamondFlyThenGrant,FoodSoonPondFallacyPigSodaMarry
SetCountdownActive,DueRejectionPotash
OpenSettingPanel,TermPrinterStand
Handle,Berlin
HandleUiSurfaceAddMoneyReward,BerlinItStingerTieExactTemple
HandleFishKillCashReward,BerlinSoonPondComaTemple
HandleFishKillDiamondReward,BerlinSoonPondFallacyTemple
TryGetNormalHitShotIdFromTransform,KeaLawMalletFewGolfWeCallProcedure
Accumulate,Eukaryotic
AccumulateNormalShotCash,EukaryoticMalletGolfComa
AccumulateNormalShotDiamond,EukaryoticMalletGolfFallacy
PublishNormalShotLowPriorityGate,ProudlyMalletGolfTanEfficacyDeco
RollGoldText,GenuSeatBode
PlayFishKillCashFlyOnly,FoodSoonPondComaPigClub
PlayFishKillDiamondFlyOnly,FoodSoonPondFallacyPigClub
Ensure,Botany
EnsureFishDeathFxInitialized,BotanySoonStintOnRestoration
CoDelayedRotWheelRefresh,AxHelpfulGetGiantFlipper
IsInFerverTime,HeAnBenignLine
Initialize,Earthquake
InitializeFerverRewardUI,EarthquakeBenignTempleUI
CompleteFerverSettlement,VariableBenignDemobilize
ResetFerverPendingUI,PrimeBenignFactoryUI
InitializeFerverGroundMoney,EarthquakeBenignImposeExact
AddDiamond,TieFallacy
ShowFerverGroundMoney,BeatBenignImposeExact
HideFerverGroundMoney,JoltBenignImposeExact
Uninitialize,Indifference
RefreshNow,FlipperDew
RefreshShipLevelUI,FlipperUtahMagmaUI
Animate,Harvard
AnimateProgress,HarvardCommerce
PlayProgressAnim,FoodCommerceHalt
ConfirmLevelUpOnce,KinsmanMagmaSoMoss
SetClickHandActive,DueLeakyRootPotash
OpenUpgradePanel,TermDeceiveStand
CloseLuckyCardPanel,DriftCouldZeroStand
InitLuckyCard,RailCouldZero
Do,My
Act,You
DoAct,DoAct
OpenLock,TermRule
AddRewardMap,TieTempleBox
Bonus,Pupil
ShowBonusPanel,BeatPupilStand
AddSelectList,TieMidwayTall
light,Woody
lightStart,WoodyHorde
closePanel,FrownStand
GetRewardAndSendEventAndClose,LawTempleSowTangLatinSowDrift
GetGameEventIndex,LawRopeLatinSlope
Register,Brightly
Needed,Chance
RegisterEventsIfNeeded,BrightlyBitterNoChance
Unregister,Foundation
UnregisterEvents,FoundationBitter
RefreshView,FlipperLuck
UpdatePageStateOnDisplay,AthensWormIncurOrHarness
isNewUser,BeBedSave
SetPageState,DueWormIncur
RefreshNextLevelFishPreview,FlipperSpinMagmaSoonDictate
HasPreviewFishForLevel,LayDictateSoonEyeMagma
Skip,Debt
ShouldSkipPreviewFishType,FlavinDebtDictateSoonToll
Load,Grab
LoadFishPreviewPrefab,GrabSoonDictateRadial
ClearFishPreviewInstances,StudySoonDictatePredation
PlayShipStartAnim,FoodUtahHordeHalt
PlayPageOneScaleInAnim,FoodWormBuyTrunkAnHalt
KillPageOneScaleTween,PondWormBuyTrunkLeast
CanClaim,AskErupt
RewardPanelInit,TempleStandRail
GetClaimReward,LawEruptTemple
GetReward,LawTemple
Today,Angry
InitTodayIsCanCheck,RailAngryHeAskFence
SetCheckData,DueFenceMint
InitSignInPanel,RailPackAnStand
init,Iron
initMulti,IronRadio
GetWinIndexByWeight,LawRowSlopeBeGeyser
SetSlotIcon,DueWaryNeat
Col,Gem
RealColScrollAnim,LateGemLayoutHalt
FakeColScrollAnim,GushGemLayoutHalt
SlotFinish,WaryTrader
Find,Edit
Bone,Crew
FindBone,EditCrew
GetTaskProgress,LawLateCommerce
SetTaskProgress,DueLateCommerce
AddTaskProgress,TieLateCommerce
Status,Ravage
GetTaskStatus,LawLateRavage
SetTaskStatus,DueLateRavage
InitTaskItems,RailLateAgent
GetTaskDataById,LawLateMintBeWe
ParseTaskItems,MoistLateAgent
InitAudioSourceQueue,RailAphidCanvasSteam
Audo,Pore
AddAudioSourceForAudoMgr,TieAphidCanvasEyePoreJar
GetAudioComponent,LawAphidImportant
Un,If
UnUseAudioComponent,UnSumAphidImportant
set,Peg
Bgm,Van
setBgmCloseOneTime,PegBgmDriftBuyLine
Replace,Exhaust
setBgmReplaceOneTime,PegVanExhaustBuyLine
PrewarmEnterGameAudio,ClusterPriorRopeAphid
CheckUnUseAudioComponent,FenceIfSumAphidImportant
SetAllEffectVolume,DuePinAttainMarket
PlayBgBase,FoodOnSeed
PlayEffectBase,FoodAttainSeed
PlayBg,FoodOn
PlayEffect,FoodAttain
getVolume,LawMarket
PlayVibrate,FoodKingdom
Settings,Irritate
Loaded,Thrust
EnsureAudioSettingsLoaded,BotanyAphidIrritateThrust
Clip,Mess
PrewarmClip,ClusterClip
GetOrLoadAudioClip,LawIDGrabAphidMess
DoUpdate,MyAthens
SetAnchor,DueArouse
SetPivot,DueMonth
layout,Locale
layoutAction,LocaleEmpire
AdjustInit,SqueakRail
SaveAdjustAdid,AirySqueakRely
GetAdjustAdid,LawSqueakRely
GetAdjustStatus,LawSqueakRavage
InitAdjustData,RailSqueakMint
AddActCount,TieYouRelic
AddAdCount,TieSoRelic
LoadAdjustOnAct,GrabSqueakOrYou
ResetActCount,PrimeYouRelic
GetAdjustTime,LawSqueakLine
setAdjustAdid,PegSqueakRely
Rewarded,American
InitializeRewardedAds,EarthquakeAmericanPot
LoadRewardedAd,GrabAmericanSo
LoadInterstitial,GrabOccupational
play,Dung
Video,Vigor
playRewardVideo,DungTempleVigor
playInterstitialAd,DungOccupationalSo
playInterstitial,DungOccupational
Method,Pollen
RepeatMethod,RejectPollen
No,If
NoThanksAddCount,NoPropelTieRelic
PauseTimeInterstitial,EnsueLineOccupational
ResumeTimeInterstitial,NormalLineOccupational
Trial,Label
UpdateTrialNum,AthensLabelWad
RegisterPlayCallback,BrightlyFoodDiscrete
AfterAdPlaySuccess,IssueSoFoodPresage
GetTotalAdNum,LawPulseSoWad
Pin,Wax
Market,Bestow
OpenAPPinMarket,TermAPPinBestow
Remove,Thrive
Country,Voyager
getCountry,LawVoyager
GetConfigData,LawTediumMint
Loaction,Referent
GetLoactionData,LawReferentMint
SetConfigData,DueTediumMint
GameReady,RopeCrawl
SendAdjustAdid,TangSqueakRely
GetUserInfo,LawSaveCole
Re,Me
ReGetUserInfo,ReLawSaveCole
Json,Path
HandleJsonData,BerlinPathMint
InitSignInData,RailPackAnMint
autoMessage,SashBurgeon
Para,Lamp
SendNoParaEvent,TangIfLampLatin
send,Clue
sendGameProgress,sendRopeCommerce
SendPost,TangBaby
end,You
endRequest,endCluster
Http,Cite
HttpGet,CiteLaw
HttpPost,CiteBaby
HttpPostJson,CiteBabyPath
Process,Protein
ProcessRequest,ProteinCluster
Create,Thinly
CreateWebRequest,ThinlyVieCluster
Cleanup,Flipper
CleanupRequest,CleanupCluster
Cancel,Mallet
CancelRequest,CancelCluster
Requests,Campaign
CancelAllRequests,MalletPinCampaign
SetTargetImage,DueExpertTwain
ShowGuide,BeatTight
WorldToCanvasPos,GourdAxShroudVan
HandAnimation,RootPredatory
CreateObjectPool,ThinlyRationCook
GetGameObject,LawRopeRation
RecycleGameObject,CalciteRopeRation
Query,Chart
QueryPool,ChartCook
GetInstance,LawLaurasia
autoCloseToast,SashDriftJapan
ShowToast,BeatJapan
Content,Rigidly
setContentLayout,PegRigidlyMobile
Apple,Daunt
IsApple,HeDaunt
CheckOnlineData,FenceKettleMint
GetDistance,LawSalinity
Android,Boredom
AndroidBlockCheck,BoredomEruptFence
Editor,Turkic
IsEditor,HeTurkic
Portrait,Skeletal
IsPortrait,HeSkeletal
LocalPoint,UtterTrack
ScreenPoint,ObsessTrack
LocalPoint2ScreenPoint,UtterTrack2ObsessTrack
ScreenPoint2LocalPoint,ObsessTrack2UtterTrack
GetWorldPositionOfRectTransform,LawGourdMystiqueAnFearProcedure
GetTimestamp,LawBoulevard
Format,Prepay
DateTimeFormat,MoodLinePrepay
SecondsToDateTime,ConfineAxMoodLine
SecondsFormat,ConfinePrepay
SecondsFormat2,ConfinePrepay2
GetRewardDataByWeightAndRange,LawTempleMintBeGeyserSowDegas
DoubleToStr,BelterAxNss
GetWeightRandom,LawGeyserCodify
GetWeightRandomIndex,LawGeyserCodifySlope
Chance,Pillar
InChance,AnPillar
Shuffle,Urgency
Array,Loyal
ShuffleArray,UrgencyLoyal
PlayPlayLoadingAniFinish,FoodFoodGarlandStyTrader
CoWaitHomePanelAndInit,AxPondTendStandSowRail
InitializeIfNeeded,EarthquakeNoChance
Arrow,Layer
CoHideArrowAfterDelay,AxJoltLayerIssueTrack
ShowArrow,BeatLayer
PlayWarnSpine,FoodFearStrip
SpawnNow,ShearDew
Prepare,Deviate
Normalize,Loathsome
NormalizeRange,LoathsomeDegas
Sample,Accuse
SampleSpawnYForVerticalBands,AccuseShearYEyeMudflatsPivot
ResolveBossPrefabFromConfig,ReplaceGazeRadialCallTedium
Build,Cause
BuildFishPrefabPath,CauseSoonRadialHeed
PlayAnim,FoodHalt
Require,Uniform
RequireOn,UniformOr
EnsureCache,BotanyRanch
EstimateDuration,ScotlandCheerful
PlayByPool,FoodBeCook
ReturnAfterPlay,CrouchIssueFood
High,Buzz
IsHighPriorityCategory,HeBuzzEfficacyUpheaval
Pools,Plaza
BuildPools,CausePlaza
RestartParticle,ShuttleAddition
EstimateParticleDuration,ScotlandAdditionCheerful
ResetTransform,PrimeProcedure
BindingOf,HarmfulAn
CreateOne,ThinlyBuy
StartZoom,HordeLast
StopZoom,PlumLast
ZoomRoutine,LastFragile
CenterCameraToTarget,EightyPreachAxExpert
TweenZoom,LeastLast
Recalculate,Implication
RecalculateTargetFill,ImplicationExpertDamp
PlayEnterFerverTransition,FoodPriorBenignEquatorial
CompleteEnterTransition,VariablePriorEquatorial
StopEnterTransition,PlumPriorEquatorial
SetParticle,DueAddition
SetParticle1Active,DueAddition1Potash
SetParticle2Active,DueAddition2Potash
RestartLittleGameScheduler,ShuttleSlightRopeColorless
StopLittleGameScheduler,PlumSlightRopeColorless
IsNormalGameMode,HeMalletRopeObey
CoLittleGameScheduler,AxSlightRopeColorless
Blocked,Scruple
IsTriggerBlockedByFever,HeSituateScrupleBeOther
Arm,Arc
ArmPendingMiniGameAfterTimer,ArcFactoryAmidRopeIssueTruth
ShouldSpawnBossOnThisTrigger,FlavinShearGazeOrMildSituate
Pick,Hoof
PickNextMiniGamePanelName,HoofSpinAmidRopeStandCoin
Suppress,Sympathy
Matching,Province
SuppressPendingLowPriorityForShotIfMatching,SuppressFactoryTanEfficacyEyeGolfNoProvince
CoPlayIntroThenOpenMiniGame,AxFoodBriefSodaTermAmidRope
ResolveMiniGameIntroFlyPrefab,ReplaceAmidRopeBriefPigRadial
OpenMiniGamePanel,TermAmidRopeStand
NotifyLittleGameFinished,AbsentSlightRopeLuminous
Entry,Slush
EntryPoint,EntryTrack
NotifyLittleGameFinished_EntryPoint,AbsentSlightRopeLuminous_EntryTrack
Bounds,Verify
SetHorizontalBounds,DueAutonomousVerify
SetGameplayPaused,DueCylinderSuburb
SetIconState,DueNeatIncur
EnsureSpawnArea,BotanyShearFore
PrewarmPool,ClusterCook
CreateInstance,ThinlyLaurasia
Rent,Drop
RentBubble,DropSneeze
RecycleFromTop,CalciteCallAnt
RecycleFromHit,CalciteCallFew
Amounts,Oilskin
BuildBubbleAmountsByUnit,CauseSneezeOilskinBeDiet
SpawnBubbleAt,ShearSneezeUp
TryStartSpawnFromPending,KeaHordeShearCallFactory
Batches,Account
SpawnBubblesInBatches,ShearRequestAnAccount
ResolveBubbleBounds,ReplaceSneezeVerify
GetBoundPosInSpawnArea,LawBouleVanAnShearFore
RemoveBubble,ThriveSneeze
PauseSpawn,EnsueShear
StopSpawnAndClearAliveBubbles,PlumShearSowStudyUnionRequest
Visible,Stiffen
SetAliveBubbleVisible,DueUnionSneezeVisible
SetAliveBubblePaused,DueUnionSneezeSuburb
Apply,Halve
ApplyBubbleHitReward,HalveSneezeFewTemple
Emit,Tent
EmitBubbleLethalKillPosition,TentSneezeHonestPondMystique
PlayShowAnim,FoodBeatHalt
PlayHideAnim,FoodJoltHalt
PlayPanelYTween,FoodStandYLeast
SetPanelY,DueStandY
SpinToIndex,MustAxSlope
Internal,Feathery
SpinToIndexInternal,MustAxSlopeFeathery
SpinByProbability,MustBeCelebration
Defer,Overt
ShouldDeferSpinForFever,FlavinOvertMustEyeOther
TryConsumePendingSpinRequest,KeaSundialFactoryMustCluster
SpinToAngle,MustAxFaint
SpinToAngleInternal,MustAxFaintFeathery
SpinCoroutine,MustPhysician
TryLockSpinRequest,KeaRuleMustCluster
Release,Radical
Immediate,Crossbill
ReleaseSpinLockImmediate,RadicalMustRuleCrossbill
Unlock,Hermit
StartHideThenCooldownUnlock,HordeJoltSodaInstanceHermit
SetParticleActive,DueAdditionPotash
SetWheelZ,DueGiantZ
GetNearestIndexByAngle,LawTrickleSlopeBeFaint
TryGetDisplayRewardByIndex,KeaLawHarnessTempleBeSlope
Rebuild,Tempera
Sequential,Articulate
RebuildDisplayOrderSequential,TemperaHarnessSnowyArticulate
TryLoadRewardConfigsFromGameDataManager,KeaGrabTempleGalliumCallRopeMintStrange
PickRewardIdByProbability,HoofTempleWeBeCelebration
PickIndexByRewardId,HoofSlopeBeTempleWe
RebuildAndApplyDisplayTexts,TemperaSowHalveHarnessGlide
CacheWheelItems,RanchGiantAgent
ApplyDisplayTextsToItems,HalveHarnessGlideAxAgent
EnsureRuntimeReady,BotanyEpitomeCrawl
Gates,Sweet
ResetBossShotGates,PrimeGazeGolfSweet
Bind,Able
BindSourcePrefab,AbleCanvasRadial
Launch,Temple
PlayShipFire,FoodUtahHump
PlayGunFire,FoodStyHump
PlayGunLaGonging,FoodStySoSurgeon
ToggleAutoShoot,RadiusAeroStrap
SetAutoEnabled,DueAeroPlaster
StartAutoLoopIfNeeded,HordeAeroLineNoChance
StopAutoLoop,PlumAeroLine
AutoShootLoop,AeroStrapLine
ForceReleasePressIfNeeded,SepalRadicalSteelNoChance
RefreshVisual,FlipperVacant
PlayClickFeedback,FoodLeakyFlexible
ToggleAutoShootInternal,RadiusAeroStrapFeathery
WaitLongPressThenBegin,PondFireSteelSodaStump
HasValidTarget,LayBrushExpert
GetIsPressing,LawHeSunbaked
CallBeginPress,HideStumpSteel
CallEndPress,HideBidSteel
TriggerSingleClickAndRelease,SituateLuxuryLeakySowRadical
Tap,Nut
Without,Macaque
TriggerTapShotWithoutLongPress,SituateNutGolfMacaqueFireSteel
Any,Cop
StopWaitCoroutineIfAny,PlumPondPhysicianNoCop
StopResetVisualCoroutineIfAny,PlumPrimeVacantPhysicianNoCop
ResetPressedVisualAfterDelay,PrimeTourismVacantIssueTrack
SetPressedVisual,DueTourismVacant
Invoke,Stifle
TryInvokeBossCloseupTriggerOncePerShot,KeaStifleGazeTerrainSituateMossDewGolf
SetLastNormalHitShotId,DueSinkMalletFewGolfWe
RequestSpawnBossFish,ClusterShearGazeSoon
PrepareMainSkeletonForAnimSwitch,DeviateHangPossibleEyeHaltGuinea
TrySetMainAnimIfNeeded,KeaDueHangHaltNoChance
SetIdleAnimSpeedMultiplier,DueBergHaltModalHenceforth
RefreshIdleAnimTimeScale,FlipperBergHaltLineTrunk
UpdateIdleSpeedVariant,AthensBergModalPullman
Evaluate,Diffuses
EvaluateIdleSpeedVariantMultiplier,DiffusesBergModalPullmanHenceforth
EvaluateSteerTurnPitchDegFromElapsed,DiffusesNobleBardSnailSexCallPyramid
StartIdleSpeedVariant,HordeBergModalPullman
ResetSteerTurnState,PrimeNobleBardIncur
EvaluateSteerTurnPitchDeg,DiffusesNobleBardSnailSex
StartSteerTurn,HordeNobleBard
Tilt,Slit
ApplySteerTiltRotation,HalveNobleTiltPedagogy
PlayIdle,FoodBerg
PlayHit,FoodFew
PlayHitByCollider,FoodFewBeDevotion
TryDelayLethalRecycleForCloseup,KeaTrackHonestCalciteEyeTerrain
Execute,Discern
ExecutePendingLethalRecycleAfterCloseup,DiscernFactoryHonestCalciteIssueTerrain
ApplyLethalKillAndRecycle,HalveHonestPondSowCalcite
HandleNormalFishDeath,BerlinMalletSoonStint
HandleBossFishDeath,BerlinGazeSoonStint
Finalize,Fireball
FinalizeFishDeathAndRecycle,FireballSoonStintSowCalcite
TryNotifyLethalMoneyAndParticleFxOnce,KeaAbsentHonestExactSowAdditionOnMoss
TryGetNormalFishSurpriseDiamondCountOnKill,KeaLawMalletSoonRegionalFallacyRelicOrPond
NotifyLethalKillWorldPositionForFx,AbsentHonestPondGourdMystiqueEyeOn
ResolveHitAnimForCurrentHit,ReplaceFewHaltEyeBalanceFew
Reaction,Readjust
IsHitReactionAnimName,HeFewReadjustHaltCoin
ShouldDieAfterHit,FlavinItsIssueFew
IsFerverSingleTargetFish,HeBenignLuxuryExpertSoon
HandleFerverSingleTargetHit,BerlinBenignLuxuryExpertFew
GetRandomFerverSingleHitAnimName,LawCodifyBenignLuxuryFewHaltCoin
SetCollidersEnabled,DueSumptuousPlaster
Except,Starve
SetCollidersEnabledExcept,DueSumptuousPlasterStarve
ApplyLevelData,HalveMagmaMint
ApplyServerFishConfig,HalveHamperSoonTedium
ApplyFishCategory,HalveSoonUpheaval
RefreshDebugInfoText,FlipperFleshColeBode
Skin,Envy
ApplySkin,HalveEnvy
TryNotifyBossCrossCenterGuide,KeaAbsentGazeGlobeEightyTight
Boundary,Purchase
ReenterFromBoundary,StiffenCallPurchase
RebuildCache,TemperaRanch
TryGetSpecByLevel,KeaLawGnawBeMagma
Configured,Prominence
GetAllConfiguredLevels,LawPinProminenceDredge
HasAnyBand,LayCopWarn
StartSpawnSequence,HordeShearElectric
CoStartSpawnSequence,AxHordeShearElectric
SpawnFishTide,ShearSoonBust
SpawnFishByPrefabAtAnchoredPosition,ShearSoonBeRadialUpWildlifeMystique
SpawnFishSchoolFromShape,ShearSoonIodineCallDrive
Staggered,Galvanize
SpawnFishSchoolFromShapeStaggered,ShearSoonIodineCallDriveGalvanize
BuildFishSchoolSpawnSlots,CauseSoonIodineShearCount
CoSpawnFishSchoolStaggered,AxShearSoonIodineGalvanize
Suggested,Honorable
GetSuggestedFishSchoolCenterAnchoredX,LawHonorableSoonIodineEightyWildlifeX
Leading,Leaflet
GetFishSchoolLeadingMarginX,LawSoonIodineLeafletNormanX
SpawnFishByPrefab,ShearSoonBeRadial
Subscribe,Cognitive
SubscribeSignal,CognitiveLuxury
Unsubscribe,Publication
UnsubscribeSignal,PublicationLuxury
FillToTarget,DampAxExpert
TickNormalStageTargetCycle,LawnMalletServeExpertProse
ResetAndStartNormalStageTargetCycle,PrimeSowHordeMalletServeExpertProse
Advance,Aviator
AdvanceToNextNormalStage,AviatorAxSpinMalletServe
GetCurrentNormalStageTargetFishCount,LawBalanceMalletServeExpertSoonRelic
GetNormalStageDurationByIndex,LawMalletServeCheerfulBeSlope
HasAnyPositiveNormalStageDuration,LayCopConcludeMalletServeCheerful
SpawnOneFish,ShearBuySoon
SpawnOneFishAt,ShearBuySoonUp
FillFerverRowsToTarget,DampBenignBeatAxExpert
TickFerverContinuousSpawn,LawnBenignOfficiallyShear
SpawnSingleFerverFishInRow,ShearLuxuryBenignSoonAnEgg
SpawnOneFerverFishAt,ShearBuyBenignSoonUp
PickRandomEntryByWeight,HoofCodifySlushBeGeyser
Filter,Encase
Entries,Replace
FilterReadyNormalEntries,EncaseCrawlMalletEntries
IsEntryReadyToSpawn,HeSlushCrawlAxShear
GetNextSpawnDirectionForEntry,LawSpinShearIntersectEyeSlush
Mark,Cape
Spawned,Slipper
MarkEntrySpawned,CapeSlushSlipper
GetSpawnKindKey,LawShearNileAil
Weighted,Landsman
PickNormalSpawnWeighted,HoofMalletShearLandsman
Uniform,Holiday
PickRandomEntryUniform,HoofCodifySlushHoliday
PickRandomNormalEntryByShipLevel,HoofCodifyMalletSlushBeUtahMagma
GetActiveFishEntries,LawPotashSoonReplace
RefreshSpawnRule,FlipperShearPalm
ApplyModeRuntimeSettings,HalveObeyEpitomeIrritate
BuildRuntimeFishEntriesFromServer,CauseEpitomeSoonReplaceCallHamper
Append,Fervor
AppendUnlockedEntries,FervorEnormousReplace
IsFerverDedicatedType,HeBenignMiniatureToll
IsFerverSingleTargetModeEnabled,HeBenignLuxuryExpertObeyPlaster
FindFerverSingleTargetEntry,EditBenignLuxuryExpertSlush
EnsureFerverSingleTargetFish,BotanyBenignLuxuryExpertSoon
CoMoveFerverSingleTargetToCenter,AxPeatBenignLuxuryExpertAxEighty
StopFerverSingleTargetEnterRoutine,PlumBenignLuxuryExpertPriorFragile
IsBossDedicatedType,HeGazeMiniatureToll
LoadFishPrefabByConfig,GrabSoonRadialBeTedium
BuildPrefabPath,CauseRadialHeed
Edge,Page
GetSpawnLeadingEdgeExtentX,LawShearLeafletEdgeHollowX
AdjustSpawnXForFishWidth,SqueakShearXEyeSoonMetal
GetBaseSpawnXByBuffer,LawSeedShearXBeQuaker
ApplyPerFishSpawnBuffer,HalveDewSoonShearQuaker
TryHandleBossEscapeReenter,KeaBerlinGazeYellowStiffen
Entity,Mandan
GetFishEntityOnPrefab,LawSoonMandanOrRadial
RecycleAllActiveFishes,CalcitePinPotashDecade
HideAllActiveFishesForFerver,JoltPinPotashDecadeEyeBenign
RestoreHiddenFishesFromFerver,UnaidedShrillDecadeCallBenign
RecycleAllHiddenFishes,CalcitePinShrillDecade
RecycleFishAt,CalciteSoonUp
AddActiveFish,TiePotashSoon
RemoveActiveFishAt,ThrivePotashSoonUp
GetFishOriginOrDefault,LawSoonEmployIDPeddler
GetActiveFishCountByOrigin,LawPotashSoonRelicBeEmploy
GetActiveNormalFishCount,LawPotashMalletSoonRelic
Asset,Whole
SpawnFishSchoolFromShapeAsset,ShearSoonIodineCallDriveWhole
TickAutoFishShoal,LawnAeroSoonNever
IsAdPlaying,HeSoDevelop
RefreshFishShoalCd,FlipperSoonNeverIt
GetManualShape,LawSaddenDrive
Avoid,Shore
GetRandomShapeAvoidRepeat,LawCodifyDriveShoreReject
Opening,Burgher
SpawnOpeningTide,ShearBurgherBust
Compute,Carcass
ComputeKillInchingSlowEffectValue,CarcassPondPronounBaskAttainFavor
BeginPressFromHitArea,StumpSteelCallFewFore
EndPressFromHitArea,BidSteelCallFewFore
FireFromPress,HumpCallSteel
ShootHook,StrapGray
Matches,Helpful
EnsurePendingHookMatchesCurrentGameType,BotanyFactoryGrayMatchesBalanceRopeToll
RecycleAllActiveHooks,CalcitePinPotashInuit
Muzzle,Phylum
TrySpawnHookAtMuzzle,KeaShearGrayUpPhylum
UpdatePendingHookAtMuzzle,AthensFactoryGrayUpPhylum
LaunchPendingHook,TempleFactoryGray
BeginReloadChamberAfterShot,StumpPosterUnknownIssueGolf
Pose,Suit
ApplyHookRootReadyLocalPose,HalveGrayReadCrawlUtterSuit
GetPrefabByGameType,LawRadialBeRopeToll
GetSpawnPosition,LawShearMystique
GetShootDirection,LawStrapIntersect
UpdateAutoSwingRotation,AthensAeroNorthPedagogy
SetPressSlowState,DueSteelBaskIncur
SetAhookVisible,DueApplyStiffen
StartSwing,HordeNorth
StopSwing,PlumNorth
Scene,Valse
IsInScene,HeAnValse
Space,Staff
GetHalfWidthInRootSpace,LawTossMetalAnReadStaff
ApplyScaleAndFacing,HalveTrunkSowMussel
StartShake,HordeAural
StartFerverShake,HordeBenignAural
DoShake,MyAural
TriggerRipple,SituateJewett
ResetRippleParams,PrimeJewettLizard
TriggerWave,SituateZero
GetAppSettingMaxNumber,LawCabPrinterTheSerene
Analysis,Onlooker
InitAndAnalysisJson,RailSowOnlookerPath
Msg,Log
Listener,Disguise
AddMsgListener,TieMsgDisguise
RemoveMsgListener,ThriveLogDisguise
ClearAllMsgListener,StudyPinLogDisguise
SendMessage,TangBurgeon
LoadAsset,GrabWhole
SetMaskWindow,DueStudParlor
HideMaskWindow,JoltStudParlor
CancelMaskWindow,MalletStudParlor
The,Put
Child,Venue
FindTheChildNode,EditPutVenueWest
GetTheChildNodeComponentScripts,LawPutVenueWestImportantGingham
AddChildNodeComponent,TieVenueWestImportant
AddChildNodeToParentNode,TieVenueWestAxSolelyWest
ShowText,BeatBode
InitLauguageCache,RailPermeateRanch
FindChildAddComponent,EditVenueTieImportant
When,Ever
Shown,Posit
ShouldPauseGameplayWhenPopupShown,FlavinEnsueCylinderEverLiterPosit
TryPauseGameplayForPopup,KeaEnsueCylinderEyeLiter
TryResumeGameplayForPopup,KeaNormalCylinderEyeLiter
Freeze,Thresh
Rigister,Sanskrit
RigisterButtonObjectEvent,SanskritCourseRationLatin
OpenUIForm,TermUIBard
CloseUIForm,DriftUIBard
Receive,Miasmic
ReceiveMessage,MiasmicBurgeon
AddPanel,TieStand
Sub,Eka
SubPanel,SubStand
SetEvent,DueLatin
InitRootCanvasLoading,RailReadShroudGarland
ShowUIForms,BeatUIHouse
CloseOrReturnUIForms,DriftIDCrouchUIHouse
ShowNextPopUp,BeatSpinPrySo
ClearWaitUIForms,StudyPondUIHouse
Catch,Idiom
LoadFormsToALLUIFormsCatch,GrabHouseAxALLUIHouseIdiom
LoadUIForm,GrabUIBard
EnterUIFormsCache,PriorUIHouseRanch
ExitUIFormsCache,LeanUIHouseRanch
Formst,Salmon
Other,Dutch
EnterUIFormstToCacheHideOther,PriorUISalmonAxRanchJoltDutch
EnterUIFormsCacheWaitClose,PriorUIHouseRanchPondDrift
ExitUIFormsFromCacheAndShowOther,LeanUIHouseCallRanchSowBeatDutch
Push,Boil
PushUIForms,BoilUIHouse
PopUIForms,PryUIHouse
InitUIFormsPathsData,RailUIHouseChinaMint
InitCamera,RailPreach
Stack,Syrup
ClearStackArray,StudySyrupLoyal
GetCurrentFormStack,LawBalanceBardSyrup
GetPanelByName,LawStandBeCoin
Panels,Inject
GetOpeningPanels,LawBurgherInject
GetTopPanel,LawAntStand
IsHomePanelTop,HeTendStandAnt
pagechange,Inaugurate
SetPageIndex,DueWormSlope
SetData,DueMint
UpdateItem,AthensKeep
PopItem,PryKeep
PushItem,BoilKeep
AddItem,TieKeep
Plus,Gift
AIGamePlusManager,AIRopeGiftStrange
AnimationController,PredatoryDependably
CustomPrint,ModernWorst
Dictionaries,Unprofitable
MergeDictionaries,StarkUnprofitable
GetSystemData,LawSolderMint
Gradient,Gatherer
Color,Brass
GradientColor,GathererBrass
BossSpawnData,GazeShearMint
MainManager,HangStrange
Bus,Hop
SignalBus,LuxuryHop
TimeManager,LineStrange
Big,His
BigWinPanel,HisRowStand
OpenArgs,TermFish
BlockPanel,EruptStand
CanvasUICameraCloseup,ShroudUIPreachTerrain
ShipExpChangeResult,UtahLayUnjustLitter
GameDataManager,RopeMintStrange
GameManager,RopeStrange
HomePanel,TendStand
PendingShotSettlement,FactoryGolfDemobilize
HomeShipLevelView,TendUtahMagmaLuck
InterstitialAdTipPanel,OccupationalSoAlaStand
LoadingPanel,GarlandStand
LoadingPass,GarlandMask
LuckyCardPanel,CouldZeroStand
Us,Me
RateUsPanel,DuneUsStand
RewardPanel,TempleStand
SettingPanel,PrinterStand
ShipLevelUpPanel,UtahMagmaSoStand
SignInPanel,PackAnStand
SlotPanel,WaryStand
SpineBoneToUGUITMP,StripCrewAxUGUITMP
Manger,Mental
TaskManger,LateMental
TaskPanel,LateStand
AudioSourceQueue,AphidCanvasSteam
MusicMgr,StainJar
Resources,Overcrowd
MusicResourcesMgr,StainResourcesJar
MusicType,StainToll
Common,Happen
CommonConfig,HappenTedium
SaveDataManager,AiryMintStrange
FrameAnimator,KrillPriority
Archor,Debris
Tool,Gray
ArchorTool,DebrisTool
AutoLayout,AeroMobile
AdjustInitManager,SqueakRailStrange
ADManager,ADStrange
CustomData,ModernMint
Ad_CustomData,So_ModernMint
RateUsManager,DuneMeStrange
Logic,Charm
MessageCenterLogic,BurgeonEightyCharm
MessageData,BurgeonMint
CConfig,CTedium
NetInfoMgr,LopColeJar
Script,Dating
PostEventScript,BabyLatinDating
NetWorkGetObject,LopTombLawRation
NetWorkManager,LopTombStrange
RequestTask,ClusterLate
NetWorkPostObject,LopTombBabyRation
Guidance,Inedible
GuidanceEventPenetrate,InedibleLatinPlantlike
NewUserGuidePanel,BedSaveTightStand
RectGuideMask,FearTightStud
ObjectPoolManager,RationCookStrange
Mono,Neat
Singleton,Snowstorm
MonoSingleton,MonoSnowstorm
ToastManager,JapanStrange
ScrollViewContentLayout,LayoutLuckRigidlyMobile
Util,Lack
CommonUtil,HappenLack
DateUtil,MoodLack
NumberUtil,SereneLack
RandomUtil,CodifyLack
StringUtil,BabbleLack
BossFinalEscapeWarningPopup,GazeAdultYellowClarifyLiter
BossFishWarn,GazeSoonFear
BossSpawnFlow,GazeShearTrap
Planner,Drought
BossSpawnPlanner,GazeShearDrought
FishDeathBurstFxBinding,SoonStintBrookOnHarmful
FishDeathMoneyBurstFxPool,SoonStintExactBrookOnCook
CategoryFxConfig,UpheavalOnTedium
FishMagnifierCamZoomController,SoonEuphratesBurLastDependably
FishUIZoomWindowController,SoonUILastParlorDependably
HomeFerverTimeView,TendBenignLineLuck
HomePanelLittleGameScheduler,TendStandSlightRopeColorless
HomeRotBubble,TendGetSneeze
HomeRotBubbleController,TendGetSneezeDependably
HomeRotWheel,TendGetGiant
RewardProbability,TempleCelebration
Collision,Circadian
HookCollisionHandler,GrayCircadianMixture
HookObject,GrayRation
HookProjectile,GrayTambourine
ShipAnim,UtahHalt
UIButtonAutoShootToggle,UICourseAeroStrapRadius
UIButtonSwingHitArea,UICourseNorthFewFore
UIButtonSwingHitAreaNew,UICourseNorthFewForeBed
UIFishEntity,UISoonMandan
UIFishSkinLevelBinding,UISoonEnvyMagmaHarmful
Archetype,Saltwater
UIFishSpineArchetype,UISoonStripSaltwater
UIFishLevelSpawnSpec,UISoonMagmaShearGnaw
Database,Fidelity
UIFishLevelDatabase,UISoonMagmaFidelity
UIFishSpawnEntry,UISoonShearSlush
UIFishSwimSystem,UISoonRopeSolder
UIFishTideHotkeySpawner,UISoonBustSuperbNebular
Seagull,Pacific
UISeagullFlySystem,UIPacificPigSolder
Water,Comic
WaterRippleController,ComicJewettDependably
WaterWaveEffect,ComicZeroAttain
ConfigManagerByJson,TediumStrangeBePath
KeyValuesInfo,AilMarbleCole
KeyValuesNode,AilMarbleWest
Sys,Raw
Define,Disuse
SysDefine,RawDisuse
EventTriggerListener,LatinSituateDisguise
MessageCenter,BurgeonEighty
KeyValuesUpdate,AilMarbleAthens
Anlysis,Stencil
Exception,Shoreline
JsonAnlysisException,PathStencilShoreline
ResourcesMgr,OvercrowdJar
UIMaskMgr,UIStudJar
Helper,Carbon
UnityHelper,MaybeCarbon
LauguageMgr,PermeateJar
BaseUIForms,SeedUIHouse
UIManager,UIStrange
UIFormParams,UIBardLizard
UIType,UIToll
Control,Freight
MaskControl,StudFreight
PageView,WormLuck
ScrollView,LayoutLuck

